X;Y;Z
51.0274;0;0
-21.2349;0;46.3991
-33.3537;0;-38.6177
48.995;0;-14.2578
-7.42449;0;50.4844
-42.8156;0;-27.76
43.0597;0;-27.3799
6.97734;0;50.5481
-48.8669;0;-14.691
33.6942;0;-38.3209
20.8234;0;46.5852
-51.0254;0;-0.451659
21.6447;0;-46.2093
33.0106;0;38.9114
-49.1193;0;13.8236
7.87105;0;-50.4167
42.5682;0;28.1379
-43.3003;0;26.9977
-6.52965;0;-50.6079
48.7349;0;15.1229
-34.0321;0;38.0212
-20.4102;0;-46.7677
51.0194;0;0.903283
-22.0529;0;46.0159
-32.6649;0;-39.202
49.2397;0;-13.3883
-8.31699;0;50.345
-42.3175;0;-28.5135
43.5376;0;-26.6134
6.08145;0;50.6637
-48.5992;0;-15.5537
34.3673;0;-37.7185
19.9955;0;46.9465
-51.0094;0;-1.35484
22.4594;0;-45.8189
32.3166;0;39.4896
-49.3563;0;12.9519
8.76229;0;-50.2694
42.0635;0;28.887
-43.7715;0;26.227
-5.63277;0;-50.7155
48.4596;0;15.9832
-34.6998;0;37.4128
-19.5791;0;-47.1217
50.9954;0;1.80628
-22.864;0;45.6183
-31.9658;0;-39.7741
49.469;0;-12.5146
-9.2069;0;50.1899
-41.8061;0;-29.2582
44.0019;0;-25.8385
5.18365;0;50.7634
-48.3162;0;-16.4116
35.0296;0;-37.1042
19.1613;0;47.2931
-50.9774;0;-2.25759
23.2669;0;-45.4142
31.6125;0;40.0555
-49.5778;0;12.0762
9.65078;0;-50.1065
41.5455;0;29.6271
-44.2289;0;25.448
-4.73413;0;-50.8073
48.169;0;16.8386
-35.3567;0;36.7927
-18.7419;0;-47.4609
50.9554;0;2.70872
-23.668;0;45.2064
-31.2567;0;-40.3337
49.6828;0;-11.6369
-10.0939;0;50.0191
-41.2817;0;-29.9936
44.4524;0;-25.0556
4.28423;0;50.8472
-48.0181;0;-17.2643
35.6809;0;-36.4783
18.3211;0;47.6249
-50.9295;0;-3.15963
24.0672;0;-44.9952
30.8985;0;40.6088
-49.7838;0;11.1967
10.5363;0;-49.9278
41.0146;0;30.3579
-44.6724;0;24.6611
-3.834;0;-50.8832
47.8634;0;17.6886
-36.0024;0;36.161
-17.8988;0;-47.7852
50.8995;0;3.6103
-24.4645;0;44.7804
-30.5379;0;-40.8807
49.881;0;-10.7556
-10.9778;0;49.8326
-40.7443;0;-30.7197
44.8889;0;-24.2647
3.38347;0;50.9151
-47.705;0;-18.1116
36.3211;0;-35.8409
17.4752;0;47.9418
-50.8656;0;-4.06069
24.8599;0;-44.5621
30.1748;0;41.1494
-49.9742;0;10.3137
11.4184;0;-49.7334
40.4707;0;31.0791
-45.102;0;23.8665
-2.93267;0;-50.9431
47.5428;0;18.5331
-36.6369;0;35.5181
-17.0501;0;-48.0946
50.8276;0;4.51076
-25.2534;0;44.3403
-29.8094;0;-41.4149
50.0636;0;-9.87093
-11.8582;0;49.6304
-40.1941;0;-31.4361
45.3114;0;-23.4663
2.48164;0;50.967
-47.3769;0;-18.9532
36.9499;0;-35.1924
16.6238;0;48.2436
-50.7857;0;-4.96047
25.6449;0;-44.115
29.4417;0;41.6771
-50.149;0;9.42742
12.297;0;-49.5235
39.9142;0;31.7907
-45.5174;0;23.0643
-2.03042;0;-50.987
47.2073;0;19.3718
-37.2599;0;34.8639
-16.1961;0;-48.3889
50.7398;0;5.4098
-26.0343;0;43.8863
-29.0716;0;-41.9361
50.2304;0;-8.98317
-12.7349;0;49.4127
-39.6313;0;-32.1427
45.7197;0;-22.6605
1.57904;0;51.003
-47.034;0;-19.7889
37.567;0;-34.5328
15.7672;0;48.5303
-50.6899;0;-5.8587
26.4218;0;-43.6542
28.6993;0;42.1918
-50.308;0;8.53821
13.1717;0;-49.2981
39.3452;0;32.4923
-45.9185;0;22.255
-1.12753;0;-51.0149
46.857;0;20.2044
-37.8712;0;34.1989
-15.337;0;-48.668
50.6361;0;6.30714
-26.8071;0;43.4186
-28.3247;0;-42.4441
50.3816;0;-8.09258
-13.6076;0;49.1796
-39.0561;0;-32.8393
46.1137;0;-21.8477
0.67594;0;51.0229
-46.6763;0;-20.6184
38.1724;0;-33.8624
14.9056;0;48.8018
-50.5783;0;-6.75509
27.1904;0;-43.1796
27.9479;0;42.6932
-50.4512;0;7.64632
14.0423;0;-49.0572
38.7639;0;33.1837
-46.3053;0;21.4386
-0.224294;0;-51.0269
46.492;0;21.0307
-38.4707;0;33.5232
-14.4731;0;-48.9318
50.5165;0;7.20251
-27.5715;0;42.9372
-27.5689;0;-42.9389
50.517;0;-7.19946
-14.476;0;48.931
50.9882;2;0
-21.2186;2;46.3634
-33.3281;2;-38.588
48.9573;2;-14.2469
-7.41878;2;50.4456
-42.7827;2;-27.7386
43.0266;2;-27.3589
6.97198;2;50.5093
-48.8293;2;-14.6797
33.6684;2;-38.2915
20.8074;2;46.5494
-50.9862;2;-0.451312
21.6281;2;-46.1738
32.9852;2;38.8815
-49.0815;2;13.813
7.865;2;-50.3779
42.5355;2;28.1162
-43.2671;2;26.977
-6.52464;2;-50.569
48.6975;2;15.1113
-34.006;2;37.992
-20.3945;2;-46.7318
50.9802;2;0.902589
-22.036;2;45.9806
-32.6398;2;-39.1719
49.2019;2;-13.378
-8.3106;2;50.3064
-42.285;2;-28.4916
43.5041;2;-26.5929
6.07678;2;50.6248
-48.5618;2;-15.5417
34.3409;2;-37.6895
19.9801;2;46.9105
-50.9702;2;-1.3538
22.4421;2;-45.7837
32.2918;2;39.4593
-49.3184;2;12.942
8.75556;2;-50.2308
42.0312;2;28.8648
-43.7378;2;26.2068
-5.62845;2;-50.6766
48.4223;2;15.971
-34.6732;2;37.384
-19.5641;2;-47.0855
50.9562;2;1.8049
-22.8465;2;45.5833
-31.9413;2;-39.7436
49.431;2;-12.505
-9.19982;2;50.1514
-41.774;2;-29.2357
43.9681;2;-25.8187
5.17967;2;50.7244
-48.2791;2;-16.3989
35.0027;2;-37.0757
19.1466;2;47.2568
-50.9383;2;-2.25585
23.249;2;-45.3793
31.5882;2;40.0247
-49.5397;2;12.0669
9.64337;2;-50.068
41.5136;2;29.6043
-44.1949;2;25.4285
-4.73049;2;-50.7683
48.132;2;16.8256
-35.3295;2;36.7644
-18.7275;2;-47.4244
50.9163;2;2.70664
-23.6498;2;45.1717
-31.2327;2;-40.3028
49.6446;2;-11.628
-10.0862;2;49.9806
-41.2499;2;-29.9706
44.4182;2;-25.0363
4.28094;2;50.8082
-47.9812;2;-17.251
35.6535;2;-36.4503
18.307;2;47.5883
-50.8903;2;-3.15721
24.0487;2;-44.9606
30.8748;2;40.5776
-49.7456;2;11.1881
10.5282;2;-49.8894
40.9831;2;30.3345
-44.6381;2;24.6422
-3.83105;2;-50.8441
47.8267;2;17.675
-35.9748;2;36.1332
-17.8851;2;-47.7485
50.8604;2;3.60753
-24.4457;2;44.746
-30.5144;2;-40.8493
49.8426;2;-10.7473
-10.9693;2;49.7943
-40.7129;2;-30.6961
44.8545;2;-24.2461
3.38087;2;50.876
-47.6683;2;-18.0977
36.2932;2;-35.8134
17.4617;2;47.9049
-50.8265;2;-4.05757
24.8408;2;-44.5278
30.1516;2;41.1178
-49.9358;2;10.3058
11.4096;2;-49.6952
40.4397;2;31.0553
-45.0673;2;23.8481
-2.93041;2;-50.9039
47.5063;2;18.5189
-36.6088;2;35.4908
-17.037;2;-48.0576
50.7886;2;4.50729
-25.234;2;44.3062
-29.7865;2;-41.3831
50.0251;2;-9.86335
-11.8491;2;49.5923
-40.1632;2;-31.412
45.2766;2;-23.4483
2.47973;2;50.9279
-47.3405;2;-18.9386
36.9215;2;-35.1653
16.611;2;48.2065
-50.7467;2;-4.95666
25.6252;2;-44.0811
29.419;2;41.6451
-50.1104;2;9.42018
12.2876;2;-49.4855
39.8836;2;31.7663
-45.4824;2;23.0466
-2.02886;2;-50.9478
47.171;2;19.3569
-37.2313;2;34.8372
-16.1837;2;-48.3517
50.7008;2;5.40564
-26.0143;2;43.8526
-29.0493;2;-41.9039
50.1918;2;-8.97626
-12.7251;2;49.3748
-39.6008;2;-32.118
45.6846;2;-22.6431
1.57782;2;50.9638
-46.9978;2;-19.7737
37.5382;2;-34.5062
15.755;2;48.493
-50.651;2;-5.8542
26.4015;2;-43.6206
28.6772;2;42.1594
-50.2693;2;8.53165
13.1616;2;-49.2602
39.315;2;32.4673
-45.8832;2;22.2379
-1.12667;2;-50.9757
46.821;2;20.1889
-37.8421;2;34.1726
-15.3252;2;-48.6306
50.5972;2;6.30229
-26.7865;2;43.3852
-28.3029;2;-42.4115
50.3429;2;-8.08636
-13.5971;2;49.1418
-39.0261;2;-32.814
46.0783;2;-21.8309
0.67542;2;50.9837
-46.6404;2;-20.6026
38.1431;2;-33.8363
14.8942;2;48.7643
-50.5394;2;-6.7499
27.1695;2;-43.1464
27.9264;2;42.6604
-50.4125;2;7.64045
14.0316;2;-49.0195
38.7341;2;33.1582
-46.2697;2;21.4222
-0.224121;2;-50.9877
46.4562;2;21.0146
-38.4411;2;33.4974
-14.4619;2;-48.8942
50.4777;2;7.19697
-27.5503;2;42.9042
-27.5477;2;-42.9059
50.4781;2;-7.19393
-14.4649;2;48.8934
50.8704;4;0
-21.1695;4;46.2563
-33.2511;4;-38.4988
48.8442;4;-14.214
-7.40164;4;50.329
-42.6839;4;-27.6746
42.9272;4;-27.2957
6.95587;4;50.3926
-48.7165;4;-14.6457
33.5906;4;-38.203
20.7593;4;46.4419
-50.8684;4;-0.450269
21.5781;4;-46.0671
32.909;4;38.7916
-48.9681;4;13.7811
7.84683;4;-50.2615
42.4373;4;28.0513
-43.1671;4;26.9146
-6.50956;4;-50.4522
48.585;4;15.0764
-33.9274;4;37.9042
-20.3474;4;-46.6238
50.8624;4;0.900504
-21.9851;4;45.8743
-32.5644;4;-39.0814
49.0882;4;-13.3471
-8.2914;4;50.1901
-42.1873;4;-28.4258
43.4036;4;-26.5315
6.06274;4;50.5078
-48.4496;4;-15.5058
34.2616;4;-37.6024
19.9339;4;46.8021
-50.8524;4;-1.35067
22.3902;4;-45.6779
32.2172;4;39.3681
-49.2044;4;12.9121
8.73532;4;-50.1148
41.934;4;28.7981
-43.6368;4;26.1463
-5.61544;4;-50.5595
48.3105;4;15.9341
-34.593;4;37.2977
-19.5189;4;-46.9767
50.8385;4;1.80072
-22.7937;4;45.4779
-31.8675;4;-39.6517
49.3168;4;-12.4761
-9.17856;4;50.0355
-41.6775;4;-29.1681
43.8665;4;-25.759
5.1677;4;50.6072
-48.1675;4;-16.3611
34.9218;4;-36.99
19.1023;4;47.1476
-50.8206;4;-2.25064
23.1953;4;-45.2744
31.5152;4;39.9322
-49.4253;4;12.0391
9.62108;4;-49.9523
41.4177;4;29.5359
-44.0928;4;25.3697
-4.71956;4;-50.651
48.0208;4;16.7868
-35.2479;4;36.6795
-18.6842;4;-47.3148
50.7986;4;2.70038
-23.5951;4;45.0673
-31.1606;4;-40.2096
49.5299;4;-11.6011
-10.0628;4;49.8652
-41.1546;4;-29.9014
44.3156;4;-24.9785
4.27105;4;50.6908
-47.8704;4;-17.2111
35.5711;4;-36.366
18.2647;4;47.4784
-50.7728;4;-3.14991
23.9931;4;-44.8567
30.8034;4;40.4839
-49.6306;4;11.1622
10.5038;4;-49.7741
40.8884;4;30.2645
-44.535;4;24.5852
-3.8222;4;-50.7266
47.7161;4;17.6342
-35.8916;4;36.0498
-17.8438;4;-47.6382
50.7429;4;3.59919
-24.3892;4;44.6426
-30.4439;4;-40.7549
49.7275;4;-10.7225
-10.944;4;49.6792
-40.6189;4;-30.6252
44.7508;4;-24.1901
3.37305;4;50.7584
-47.5582;4;-18.0558
36.2093;4;-35.7307
17.4214;4;47.7942
-50.709;4;-4.04819
24.7834;4;-44.425
30.082;4;41.0228
-49.8204;4;10.2819
11.3833;4;-49.5804
40.3462;4;30.9835
-44.9632;4;23.793
-2.92364;4;-50.7863
47.3965;4;18.4761
-36.5242;4;35.4088
-16.9977;4;-47.9466
50.6712;4;4.49688
-25.1757;4;44.2039
-29.7177;4;-41.2875
49.9095;4;-9.84056
-11.8217;4;49.4777
-40.0704;4;-31.3394
45.172;4;-23.3941
2.474;4;50.8102
-47.2311;4;-18.8949
36.8362;4;-35.0841
16.5726;4;48.0951
-50.6294;4;-4.94521
25.5659;4;-43.9793
29.3511;4;41.5489
-49.9946;4;9.39841
12.2592;4;-49.3711
39.7914;4;31.6929
-45.3773;4;22.9934
-2.02417;4;-50.8301
47.062;4;19.3122
-37.1452;4;34.7567
-16.1463;4;-48.24
50.5837;4;5.39315
-25.9542;4;43.7513
-28.9822;4;-41.8071
50.0759;4;-8.95552
-12.6957;4;49.2607
-39.5093;4;-32.0438
45.5791;4;-22.5908
1.57418;4;50.846
-46.8892;4;-19.728
37.4514;4;-34.4265
15.7186;4;48.381
-50.534;4;-5.84067
26.3405;4;-43.5198
28.611;4;42.0619
-50.1532;4;8.51194
13.1312;4;-49.1464
39.2242;4;32.3923
-45.7772;4;22.1865
-1.12406;4;-50.858
46.7128;4;20.1423
-37.7547;4;34.0937
-15.2898;4;-48.5182
50.4803;4;6.28773
-26.7246;4;43.285
-28.2375;4;-42.3135
50.2266;4;-8.06768
-13.5657;4;49.0282
-38.9359;4;-32.7382
45.9718;4;-21.7804
0.67386;4;50.8659
-46.5327;4;-20.5549
38.055;4;-33.7582
14.8597;4;48.6516
-50.4227;4;-6.7343
27.1067;4;-43.0467
27.8619;4;42.5618
-50.296;4;7.62279
13.9991;4;-48.9062
38.6446;4;33.0816
-46.1628;4;21.3727
-0.223603;4;-50.8699
46.3489;4;20.966
-38.3523;4;33.42
-14.4285;4;-48.7813
50.3611;4;7.18035
-27.4867;4;42.8051
-27.4841;4;-42.8068
50.3615;4;-7.17731
-14.4315;4;48.7804
50.6734;6;0
-21.0876;6;46.0772
-33.1224;6;-38.3498
48.6551;6;-14.1589
-7.37298;6;50.1342
-42.5186;6;-27.5674
42.761;6;-27.19
6.92894;6;50.1975
-48.5279;6;-14.589
33.4605;6;-38.0551
20.6789;6;46.2621
-50.6714;6;-0.448526
21.4946;6;-45.8887
32.7816;6;38.6414
-48.7785;6;13.7277
7.81645;6;-50.0669
42.2729;6;27.9427
-43;6;26.8104
-6.48436;6;-50.2568
48.3968;6;15.018
-33.796;6;37.7574
-20.2686;6;-46.4433
50.6655;6;0.897017
-21.8999;6;45.6967
-32.4383;6;-38.9301
48.8981;6;-13.2954
-8.2593;6;49.9958
-42.024;6;-28.3158
43.2356;6;-26.4288
6.03926;6;50.3122
-48.262;6;-15.4458
34.1289;6;-37.4568
19.8567;6;46.6209
-50.6556;6;-1.34544
22.3036;6;-45.5011
32.0924;6;39.2157
-49.0139;6;12.8621
8.7015;6;-49.9207
41.7717;6;28.6866
-43.4678;6;26.045
-5.5937;6;-50.3637
48.1234;6;15.8724
-34.4591;6;37.1533
-19.4433;6;-46.7948
50.6417;6;1.79375
-22.7054;6;45.3019
-31.7441;6;-39.4982
49.1258;6;-12.4278
-9.14303;6;49.8418
-41.5161;6;-29.0552
43.6966;6;-25.6593
5.14769;6;50.4113
-47.981;6;-16.2977
34.7866;6;-36.8468
19.0284;6;46.9651
-50.6238;6;-2.24193
23.1055;6;-45.0991
31.3932;6;39.7776
-49.2339;6;11.9924
9.58383;6;-49.7589
41.2573;6;29.4216
-43.9221;6;25.2715
-4.70129;6;-50.4549
47.8349;6;16.7218
-35.1114;6;36.5374
-18.6119;6;-47.1316
50.602;6;2.68993
-23.5038;6;44.8928
-31.0399;6;-40.054
49.3381;6;-11.5562
-10.0239;6;49.6721
-40.9953;6;-29.7856
44.144;6;-24.8817
4.25451;6;50.4945
-47.685;6;-17.1445
35.4334;6;-36.2252
18.194;6;47.2945
-50.5762;6;-3.13772
23.9002;6;-44.683
30.6842;6;40.3271
-49.4385;6;11.119
10.4632;6;-49.5814
40.73;6;30.1473
-44.3625;6;24.49
-3.8074;6;-50.5302
47.5314;6;17.5659
-35.7527;6;35.9102
-17.7747;6;-47.4537
50.5464;6;3.58526
-24.2948;6;44.4697
-30.326;6;-40.5971
49.535;6;-10.681
-10.9016;6;49.4869
-40.4616;6;-30.5066
44.5776;6;-24.0964
3.36;6;50.5619
-47.3741;6;-17.9859
36.0691;6;-35.5923
17.3539;6;47.6092
-50.5127;6;-4.03252
24.6875;6;-44.253
29.9655;6;40.864
-49.6276;6;10.2421
11.3392;6;-49.3884
40.19;6;30.8636
-44.7891;6;23.7009
-2.91232;6;-50.5897
47.213;6;18.4046
-36.3828;6;35.2717
-16.9319;6;-47.7609
50.475;6;4.47946
-25.0782;6;44.0327
-29.6026;6;-41.1276
49.7163;6;-9.80246
-11.7759;6;49.2861
-39.9152;6;-31.2181
44.9971;6;-23.3035
2.46443;6;50.6135
-47.0482;6;-18.8217
36.6935;6;-34.9482
16.5085;6;47.9089
-50.4334;6;-4.92606
25.467;6;-43.809
29.2374;6;41.388
-49.8011;6;9.36202
12.2117;6;-49.18
39.6374;6;31.5702
-45.2016;6;22.9043
-2.01633;6;-50.6333
46.8798;6;19.2374
-37.0014;6;34.6221
-16.0837;6;-48.0532
50.3878;6;5.37227
-25.8537;6;43.5819
-28.8699;6;-41.6452
49.882;6;-8.92085
-12.6465;6;49.07
-39.3564;6;-31.9198
45.4026;6;-22.5033
1.56808;6;50.6491
-46.7077;6;-19.6516
37.3064;6;-34.2932
15.6578;6;48.1937
-50.3383;6;-5.81806
26.2385;6;-43.3513
28.5002;6;41.8991
-49.959;6;8.47898
13.0804;6;-48.9561
39.0723;6;32.2669
-45.6;6;22.1006
-1.11971;6;-50.661
46.5319;6;20.0643
-37.6085;6;33.9617
-15.2306;6;-48.3304
50.2848;6;6.26339
-26.6212;6;43.1174
-28.1282;6;-42.1497
50.0321;6;-8.03644
-13.5132;6;48.8384
-38.7852;6;-32.6114
45.7938;6;-21.6961
0.671251;6;50.669
-46.3525;6;-20.4754
37.9076;6;-33.6275
14.8022;6;48.4633
-50.2274;6;-6.70823
27.0018;6;-42.8801
27.754;6;42.397
-50.1013;6;7.59328
13.9449;6;-48.7169
38.495;6;32.9535
-45.9841;6;21.2899
-0.222738;6;-50.6729
46.1695;6;20.8848
-38.2038;6;33.2906
-14.3727;6;-48.5924
50.1661;6;7.15254
-27.3802;6;42.6394
-27.3777;6;-42.641
50.1665;6;-7.14952
-14.3756;6;48.5915
50.3964;8;0
-20.9723;8;45.8253
-32.9413;8;-38.1401
48.3891;8;-14.0815
-7.33267;8;49.8601
-42.2862;8;-27.4167
42.5272;8;-27.0413
6.89106;8;49.923
-48.2626;8;-14.5093
33.2776;8;-37.847
20.5659;8;46.0091
-50.3944;8;-0.446074
21.3771;8;-45.6379
32.6024;8;38.4302
-48.5118;8;13.6527
7.77371;8;-49.7932
42.0418;8;27.7899
-42.7649;8;26.6639
-6.44891;8;-49.9821
48.1323;8;14.9359
-33.6113;8;37.551
-20.1578;8;-46.1894
50.3885;8;0.892113
-21.7802;8;45.4469
-32.261;8;-38.7173
48.6308;8;-13.2227
-8.21414;8;49.7225
-41.7942;8;-28.1609
42.9992;8;-26.2843
6.00625;8;50.0372
-47.9982;8;-15.3614
33.9423;8;-37.252
19.7482;8;46.366
-50.3786;8;-1.33808
22.1816;8;-45.2523
31.917;8;39.0013
-48.7459;8;12.7918
8.65393;8;-49.6478
41.5433;8;28.5298
-43.2302;8;25.9027
-5.56312;8;-50.0884
47.8603;8;15.7856
-34.2707;8;36.9501
-19.337;8;-46.539
50.3648;8;1.78395
-22.5813;8;45.0542
-31.5705;8;-39.2823
48.8572;8;-12.3598
-9.09304;8;49.5693
-41.2892;8;-28.8964
43.4577;8;-25.519
5.11955;8;50.1357
-47.7187;8;-16.2086
34.5964;8;-36.6453
18.9243;8;46.7083
-50.347;8;-2.22967
22.9792;8;-44.8526
31.2216;8;39.5602
-48.9647;8;11.9269
9.53144;8;-49.4868
41.0318;8;29.2607
-43.6819;8;25.1333
-4.67558;8;-50.179
47.5734;8;16.6303
-34.9194;8;36.3377
-18.5102;8;-46.874
50.3253;8;2.67522
-23.3753;8;44.6474
-30.8702;8;-39.835
49.0684;8;-11.493
-9.96909;8;49.4005
-40.7712;8;-29.6227
43.9027;8;-24.7457
4.23125;8;50.2184
-47.4243;8;-17.0508
35.2397;8;-36.0272
18.0945;8;47.036
-50.2997;8;-3.12056
23.7696;8;-44.4388
30.5164;8;40.1067
-49.1682;8;11.0582
10.406;8;-49.3104
40.5074;8;29.9825
-44.12;8;24.3561
-3.78659;8;-50.2539
47.2715;8;17.4699
-35.5572;8;35.7139
-17.6775;8;-47.1943
50.2701;8;3.56566
-24.162;8;44.2266
-30.1602;8;-40.3752
49.2641;8;-10.6226
-10.842;8;49.2163
-40.2404;8;-30.3398
44.3338;8;-23.9647
3.34163;8;50.2855
-47.1151;8;-17.8876
35.8719;8;-35.3977
17.2591;8;47.3489
-50.2365;8;-4.01047
24.5525;8;-44.011
29.8017;8;40.6406
-49.3562;8;10.1861
11.2772;8;-49.1184
39.9703;8;30.6948
-44.5442;8;23.5713
-2.8964;8;-50.3131
46.9549;8;18.3039
-36.1838;8;35.0788
-16.8393;8;-47.4998
50.1991;8;4.45498
-24.9411;8;43.792
-29.4408;8;-40.9028
49.4445;8;-9.74887
-11.7115;8;49.0167
-39.697;8;-31.0474
44.7511;8;-23.1761
2.45095;8;50.3367
-46.791;8;-18.7188
36.4929;8;-34.7572
16.4182;8;47.647
-50.1577;8;-4.89913
25.3277;8;-43.5695
29.0776;8;41.1617
-49.5288;8;9.31084
12.1449;8;-48.9111
39.4207;8;31.3976
-44.9545;8;22.7791
-2.00531;8;-50.3565
46.6235;8;19.1323
-36.7991;8;34.4328
-15.9958;8;-47.7905
50.1124;8;5.3429
-25.7124;8;43.3436
-28.7121;8;-41.4175
49.6093;8;-8.87208
-12.5774;8;48.8017
-39.1412;8;-31.7453
45.1544;8;-22.3803
1.55951;8;50.3722
-46.4523;8;-19.5442
37.1025;8;-34.1057
15.5722;8;47.9302
-50.0631;8;-5.78625
26.095;8;-43.1143
28.3444;8;41.67
-49.6859;8;8.43262
13.0089;8;-48.6884
38.8587;8;32.0905
-45.3507;8;21.9798
-1.11359;8;-50.3841
46.2775;8;19.9546
-37.4029;8;33.776
-15.1473;8;-48.0661
50.0099;8;6.22915
-26.4756;8;42.8817
-27.9744;8;-41.9193
49.7586;8;-7.99251
-13.4393;8;48.5714
-38.5731;8;-32.4332
45.5435;8;-21.5775
0.667581;8;50.392
-46.0991;8;-20.3634
37.7004;8;-33.4436
14.7213;8;48.1983
-49.9528;8;-6.67155
26.8541;8;-42.6456
27.6023;8;42.1652
-49.8274;8;7.55177
13.8687;8;-48.4505
38.2845;8;32.7733
-45.7327;8;21.1735
-0.22152;8;-50.3959
45.917;8;20.7707
-37.9949;8;33.1086
-14.2941;8;-48.3267
49.8918;8;7.11344
-27.2306;8;42.4063
-27.228;8;-42.4079
49.8923;8;-7.11043
-14.297;8;48.3259
50.0379;10;0
-20.8231;10;45.4994
-32.707;10;-37.8688
48.0449;10;-13.9814
-7.28052;10;49.5054
-41.9854;10;-27.2217
42.2247;10;-26.849
6.84205;10;49.5679
-47.9193;10;-14.4061
33.0409;10;-37.5779
20.4196;10;45.6819
-50.036;10;-0.442901
21.225;10;-45.3133
32.3705;10;38.1568
-48.1668;10;13.5556
7.71842;10;-49.4391
41.7428;10;27.5923
-42.4607;10;26.4742
-6.40304;10;-49.6266
47.7899;10;14.8297
-33.3722;10;37.2839
-20.0144;10;-45.8608
50.0301;10;0.885768
-21.6253;10;45.1236
-32.0315;10;-38.4419
48.2849;10;-13.1287
-8.15572;10;49.3688
-41.4969;10;-27.9606
42.6934;10;-26.0973
5.96353;10;49.6813
-47.6568;10;-15.2521
33.7009;10;-36.9871
19.6077;10;46.0362
-50.0203;10;-1.32856
22.0238;10;-44.9304
31.69;10;38.7239
-48.3992;10;12.7008
8.59238;10;-49.2947
41.2478;10;28.3269
-42.9227;10;25.7184
-5.52355;10;-49.7321
47.5199;10;15.6733
-34.027;10;36.6873
-19.1995;10;-46.208
50.0066;10;1.77126
-22.4207;10;44.7337
-31.346;10;-39.0029
48.5097;10;-12.2719
-9.02837;10;49.2167
-40.9955;10;-28.6908
43.1487;10;-25.3375
5.08314;10;49.7791
-47.3793;10;-16.0933
34.3504;10;-36.3847
18.7897;10;46.3761
-49.9889;10;-2.21381
22.8158;10;-44.5335
30.9995;10;39.2788
-48.6165;10;11.842
9.46364;10;-49.1349
40.7399;10;29.0526
-43.3712;10;24.9546
-4.64233;10;-49.8221
47.235;10;16.5121
-34.6711;10;36.0792
-18.3785;10;-46.5406
49.9674;10;2.65619
-23.209;10;44.3298
-30.6506;10;-39.5516
48.7194;10;-11.4113
-9.89818;10;49.0492
-40.4812;10;-29.412
43.5904;10;-24.5697
4.20116;10;49.8613
-47.087;10;-16.9295
34.9891;10;-35.7709
17.9658;10;46.7014
-49.9419;10;-3.09837
23.6005;10;-44.1227
30.2994;10;39.8214
-48.8185;10;10.9796
10.3319;10;-48.9596
40.2193;10;29.7692
-43.8062;10;24.1829
-3.75965;10;-49.8965
46.9353;10;17.3456
-35.3043;10;35.4598
-17.5518;10;-46.8586
49.9125;10;3.5403
-23.9901;10;43.9121
-29.9457;10;-40.088
48.9137;10;-10.547
-10.7649;10;48.8663
-39.9542;10;-30.124
44.0185;10;-23.7942
3.31786;10;49.9278
-46.7799;10;-17.7604
35.6168;10;-35.146
17.1363;10;47.0121
-49.8792;10;-3.98195
24.3779;10;-43.698
29.5897;10;40.3515
-49.0052;10;10.1137
11.197;10;-48.7691
39.686;10;30.4765
-44.2274;10;23.4037
-2.8758;10;-49.9552
46.6209;10;18.1737
-35.9265;10;34.8293
-16.7195;10;-47.162
49.842;10;4.42329
-24.7637;10;43.4805
-29.2314;10;-40.6118
49.0928;10;-9.67953
-11.6282;10;48.668
-39.4147;10;-30.8266
44.4328;10;-23.0113
2.43352;10;49.9787
-46.4582;10;-18.5857
36.2334;10;-34.51
16.3014;10;47.3081
-49.8009;10;-4.86428
25.1476;10;-43.2596
28.8708;10;40.869
-49.1765;10;9.24461
12.0586;10;-48.5632
39.1403;10;31.1742
-44.6348;10;22.6171
-1.99105;10;-49.9983
46.2919;10;18.9962
-36.5374;10;34.1879
-15.882;10;-47.4506
49.7559;10;5.3049
-25.5295;10;43.0353
-28.5079;10;-41.1229
49.2564;10;-8.80898
-12.4879;10;48.4546
-38.8628;10;-31.5195
44.8332;10;-22.2211
1.54842;10;50.014
-46.1219;10;-19.4052
36.8386;10;-33.8632
15.4614;10;47.5893
-49.707;10;-5.74509
25.9094;10;-42.8077
28.1428;10;41.3736
-49.3325;10;8.37265
12.9163;10;-48.3421
38.5823;10;31.8622
-45.0281;10;21.8234
-1.10567;10;-50.0257
45.9484;10;19.8127
-37.1369;10;33.5358
-15.0396;10;-47.7243
49.6542;10;6.18484
-26.2873;10;42.5767
-27.7755;10;-41.6211
49.4047;10;-7.93566
-13.3437;10;48.2259
-38.2988;10;-32.2025
45.2195;10;-21.424
0.662833;10;50.0335
-45.7712;10;-20.2186
37.4323;10;-33.2057
14.6166;10;47.8555
-49.5975;10;-6.6241
26.6631;10;-42.3423
27.406;10;41.8653
-49.473;10;7.49805
13.7701;10;-48.1059
38.0122;10;32.5402
-45.4074;10;21.0229
-0.219944;10;-50.0374
45.5905;10;20.6229
-37.7247;10;32.8731
-14.1924;10;-47.983
49.537;10;7.06285
-27.0369;10;42.1047
-27.0343;10;-42.1063
49.5374;10;-7.05986
-14.1953;10;47.9822
49.5963;12;0
-20.6394;12;45.0978
-32.4183;12;-37.5346
47.6209;12;-13.858
-7.21627;12;49.0685
-41.6149;12;-26.9814
41.8521;12;-26.612
6.78166;12;49.1305
-47.4964;12;-14.2789
32.7493;12;-37.2462
20.2394;12;45.2787
-49.5944;12;-0.438992
21.0377;12;-44.9134
32.0848;12;37.8201
-47.7417;12;13.4359
7.6503;12;-49.0027
41.3744;12;27.3487
-42.086;12;26.2406
-6.34653;12;-49.1886
47.3681;12;14.6988
-33.0777;12;36.9549
-19.8378;12;-45.4561
49.5886;12;0.87795
-21.4344;12;44.7254
-31.7488;12;-38.1026
47.8588;12;-13.0128
-8.08374;12;48.9331
-41.1307;12;-27.7139
42.3166;12;-25.867
5.9109;12;49.2428
-47.2362;12;-15.1175
33.4035;12;-36.6606
19.4347;12;45.6299
-49.5788;12;-1.31684
21.8295;12;-44.5339
31.4103;12;38.3821
-47.9721;12;12.5887
8.51655;12;-48.8596
40.8838;12;28.0769
-42.5439;12;25.4914
-5.4748;12;-49.2932
47.1005;12;15.535
-33.7267;12;36.3635
-19.03;12;-45.8001
49.5652;12;1.75563
-22.2228;12;44.3389
-31.0693;12;-38.6586
48.0816;12;-12.1636
-8.94869;12;48.7823
-40.6337;12;-28.4376
42.7678;12;-25.1139
5.03828;12;49.3397
-46.9612;12;-15.9513
34.0472;12;-36.0636
18.6239;12;45.9668
-49.5478;12;-2.19427
22.6144;12;-44.1405
30.7259;12;38.9321
-48.1874;12;11.7375
9.38012;12;-48.7012
40.3804;12;28.7962
-42.9885;12;24.7343
-4.60136;12;-49.3824
46.8181;12;16.3663
-34.3651;12;35.7608
-18.2163;12;-46.1298
49.5264;12;2.63275
-23.0042;12;43.9386
-30.3801;12;-39.2026
48.2894;12;-11.3106
-9.81083;12;48.6163
-40.1239;12;-29.1525
43.2057;12;-24.3529
4.16408;12;49.4212
-46.6714;12;-16.7801
34.6803;12;-35.4552
17.8073;12;46.2893
-49.5012;12;-3.07102
23.3922;12;-43.7333
30.032;12;39.4699
-48.3876;12;10.8827
10.2408;12;-48.5275
39.8643;12;29.5065
-43.4196;12;23.9695
-3.72647;12;-49.4561
46.5211;12;17.1925
-34.9927;12;35.1469
-17.3969;12;-46.4451
49.472;12;3.50905
-23.7784;12;43.5245
-29.6814;12;-39.7342
48.4821;12;-10.454
-10.6699;12;48.435
-39.6016;12;-29.8582
43.63;12;-23.5842
3.28858;12;49.4872
-46.3671;12;-17.6036
35.3025;12;-34.8358
16.9851;12;46.5972
-49.439;12;-3.94681
24.1627;12;-43.3123
29.3286;12;39.9954
-48.5727;12;10.0244
11.0982;12;-48.3387
39.3357;12;30.2075
-43.8371;12;23.1971
-2.85042;12;-49.5143
46.2095;12;18.0134
-35.6094;12;34.5219
-16.572;12;-46.7458
49.4022;12;4.38425
-24.5451;12;43.0968
-28.9734;12;-40.2534
48.6595;12;-9.5941
-11.5256;12;48.2385
-39.0668;12;-30.5545
44.0407;12;-22.8082
2.41204;12;49.5376
-46.0482;12;-18.4217
35.9136;12;-34.2054
16.1576;12;46.8906
-49.3614;12;-4.82135
24.9256;12;-42.8778
28.616;12;40.5083
-48.7425;12;9.16303
11.9521;12;-48.1346
38.7948;12;30.8991
-44.2408;12;22.4175
-1.97348;12;-49.557
45.8833;12;18.8285
-36.2149;12;33.8862
-15.7419;12;-47.0318
49.3168;12;5.25808
-25.3042;12;42.6555
-28.2563;12;-40.76
48.8217;12;-8.73123
-12.3777;12;48.0269
-38.5198;12;-31.2413
44.4375;12;-22.025
1.53475;12;49.5726
-45.7149;12;-19.2339
36.5135;12;-33.5643
15.325;12;47.1693
-49.2683;12;-5.69439
25.6808;12;-42.4299
27.8944;12;41.0085
-48.8971;12;8.29875
12.8023;12;-47.9155
38.2418;12;31.581
-44.6307;12;21.6308
-1.09591;12;-49.5842
45.5429;12;19.6378
-36.8091;12;33.2398
-14.9069;12;-47.3031
49.216;12;6.13026
-26.0553;12;42.2009
-27.5303;12;-41.2538
48.9686;12;-7.86562
-13.2259;12;47.8003
-37.9608;12;-31.9183
44.8204;12;-21.2349
0.656983;12;49.592
-45.3673;12;-20.0401
37.1019;12;-32.9127
14.4876;12;47.4332
-49.1598;12;-6.56564
26.4278;12;-41.9686
27.1641;12;41.4959
-49.0363;12;7.43188
13.6485;12;-47.6814
37.6768;12;32.253
-45.0066;12;20.8374
-0.218003;12;-49.5958
45.1881;12;20.4409
-37.3918;12;32.583
-14.0672;12;-47.5595
49.0998;12;7.00051
-26.7983;12;41.7331
-26.7957;12;-41.7347
49.1002;12;-6.99755
-14.07;12;47.5587
49.0693;14;0
-20.42;14;44.6186
-32.0738;14;-37.1358
47.1149;14;-13.7107
-7.13958;14;48.5471
-41.1726;14;-26.6947
41.4073;14;-26.3293
6.7096;14;48.6084
-46.9917;14;-14.1272
32.4013;14;-36.8504
20.0243;14;44.7976
-49.0674;14;-0.434327
20.8142;14;-44.4361
31.7439;14;37.4182
-47.2344;14;13.2932
7.56901;14;-48.482
40.9347;14;27.0581
-41.6387;14;25.9617
-6.27909;14;-48.6659
46.8648;14;14.5426
-32.7262;14;36.5622
-19.627;14;-44.9731
49.0616;14;0.868621
-21.2067;14;44.2501
-31.4114;14;-37.6977
47.3502;14;-12.8745
-7.99784;14;48.4131
-40.6936;14;-27.4194
41.8669;14;-25.5921
5.84808;14;48.7196
-46.7342;14;-14.9568
33.0485;14;-36.2711
19.2282;14;45.145
-49.052;14;-1.30285
21.5975;14;-44.0607
31.0765;14;37.9743
-47.4623;14;12.4549
8.42605;14;-48.3404
40.4493;14;27.7785
-42.0918;14;25.2206
-5.41662;14;-48.7694
46.6;14;15.3699
-33.3683;14;35.9771
-18.8278;14;-45.3134
49.0385;14;1.73697
-21.9867;14;43.8678
-30.7392;14;-38.2478
47.5707;14;-12.0343
-8.85359;14;48.264
-40.2019;14;-28.1354
42.3134;14;-24.847
4.98474;14;48.8154
-46.4621;14;-15.7818
33.6854;14;-35.6804
18.426;14;45.4783
-49.0212;14;-2.17096
22.3741;14;-43.6714
30.3994;14;38.5184
-47.6753;14;11.6128
9.28045;14;-48.1837
39.9513;14;28.4902
-42.5316;14;24.4715
-4.55246;14;-48.8577
46.3206;14;16.1924
-33.9999;14;35.3808
-18.0227;14;-45.6396
49.0001;14;2.60477
-22.7598;14;43.4717
-30.0573;14;-38.786
47.7763;14;-11.1904
-9.70657;14;48.0997
-39.6975;14;-28.8427
42.7466;14;-24.0941
4.11983;14;48.896
-46.1755;14;-16.6018
34.3117;14;-35.0785
17.618;14;45.7974
-48.9751;14;-3.03839
23.1436;14;-43.2685
29.7128;14;39.0505
-47.8734;14;10.767
10.1319;14;-48.0119
39.4407;14;29.1929
-42.9582;14;23.7148
-3.68687;14;-48.9306
46.0267;14;17.0098
-34.6209;14;34.7734
-17.212;14;-45.9515
48.9463;14;3.47176
-23.5257;14;43.062
-29.366;14;-39.312
47.9669;14;-10.3429
-10.5565;14;47.9203
-39.1807;14;-29.5409
43.1664;14;-23.3336
3.25363;14;48.9613
-45.8744;14;-17.4166
34.9273;14;-34.4656
16.8046;14;46.1021
-48.9137;14;-3.90486
23.906;14;-42.8521
29.0169;14;39.5704
-48.0565;14;9.9179
10.9803;14;-47.825
38.9177;14;29.8865
-43.3712;14;22.9506
-2.82013;14;-48.9882
45.7184;14;17.8219
-35.231;14;34.1551
-16.3959;14;-46.249
48.8772;14;4.33766
-24.2843;14;42.6388
-28.6655;14;-39.8257
48.1424;14;-9.49215
-11.4031;14;47.7259
-38.6517;14;-30.2298
43.5727;14;-22.5658
2.38641;14;49.0112
-45.5589;14;-18.2259
35.532;14;-33.8419
15.9859;14;46.3923
-48.8369;14;-4.77012
24.6608;14;-42.4222
28.3119;14;40.0778
-48.2246;14;9.06565
11.8251;14;-47.6231
38.3826;14;30.5708
-43.7707;14;22.1793
-1.9525;14;-49.0304
45.3958;14;18.6284
-35.8301;14;33.5261
-15.5746;14;-46.532
48.7927;14;5.2022
-25.0353;14;42.2022
-27.956;14;-40.3269
48.3029;14;-8.63845
-12.2462;14;47.5166
-38.1105;14;-30.9093
43.9653;14;-21.791
1.51844;14;49.0458
-45.2291;14;-19.0295
36.1255;14;-33.2076
15.1621;14;46.668
-48.7448;14;-5.63388
25.4079;14;-41.979
27.598;14;40.5727
-48.3775;14;8.21057
12.6663;14;-47.4063
37.8354;14;31.2454
-44.1565;14;21.401
-1.08427;14;-49.0573
45.0589;14;19.4291
-36.418;14;32.8866
-14.7485;14;-46.8004
48.693;14;6.06511
-25.7784;14;41.7525
-27.2378;14;-40.8154
48.4483;14;-7.78204
-13.0854;14;47.2924
-37.5574;14;-31.5791
44.3442;14;-21.0093
0.650001;14;49.065
-44.8852;14;-19.8272
36.7076;14;-32.5629
14.3336;14;46.9291
-48.6374;14;-6.49587
26.147;14;-41.5226
26.8754;14;41.0549
-48.5153;14;7.35291
13.5035;14;-47.1747
37.2764;14;31.9103
-44.5284;14;20.616
-0.215687;14;-49.0688
44.7079;14;20.2237
-36.9944;14;32.2367
-13.9177;14;-47.0541
48.578;14;6.92612
-26.5135;14;41.2896
-26.511;14;-41.2912
48.5784;14;-6.92319
-13.9205;14;47.0533
48.454;16;0
-20.164;16;44.0591
-31.6717;16;-36.6701
46.5241;16;-13.5388
-7.05007;16;47.9384
-40.6564;16;-26.36
40.8881;16;-25.9991
6.62547;16;47.9989
-46.4025;16;-13.9501
31.995;16;-36.3884
19.7732;16;44.2359
-48.4521;16;-0.428882
20.5532;16;-43.8789
31.3459;16;36.949
-46.6422;16;13.1265
7.47411;16;-47.8741
40.4215;16;26.7189
-41.1167;16;25.6362
-6.20036;16;-48.0557
46.2772;16;14.3603
-32.3158;16;36.1037
-19.3809;16;-44.4092
48.4465;16;0.85773
-20.9408;16;43.6953
-31.0176;16;-37.225
46.7565;16;-12.7131
-7.89756;16;47.8061
-40.1834;16;-27.0756
41.342;16;-25.2713
5.77476;16;48.1087
-46.1483;16;-14.7693
32.6341;16;-35.8163
18.9871;16;44.579
-48.437;16;-1.28651
21.3267;16;-43.5082
30.6869;16;37.4981
-46.8672;16;12.2988
8.3204;16;-47.7343
39.9422;16;27.4302
-41.564;16;24.9043
-5.34871;16;-48.1579
46.0157;16;15.1772
-32.9499;16;35.526
-18.5917;16;-44.7453
48.4237;16;1.71519
-21.711;16;43.3178
-30.3538;16;-37.7683
46.9742;16;-11.8835
-8.74259;16;47.6588
-39.6978;16;-27.7827
41.7828;16;-24.5355
4.92224;16;48.2034
-45.8796;16;-15.5839
33.2631;16;-35.233
18.195;16;44.9081
-48.4066;16;-2.14374
22.0935;16;-43.1239
30.0183;16;38.0355
-47.0776;16;11.4672
9.16409;16;-47.5796
39.4504;16;28.133
-41.9984;16;24.1647
-4.49538;16;-48.2451
45.7399;16;15.9894
-33.5736;16;34.9372
-17.7968;16;-45.0674
48.3857;16;2.57211
-22.4744;16;42.9266
-29.6804;16;-38.2997
47.1772;16;-11.0501
-9.58487;16;47.4966
-39.1998;16;-28.481
42.2106;16;-23.792
4.06817;16;48.283
-45.5965;16;-16.3936
33.8815;16;-34.6387
17.3972;16;45.2232
-48.3611;16;-3.00029
22.8535;16;-42.726
29.3403;16;38.5609
-47.2732;16;10.632
10.0049;16;-47.4099
38.9462;16;28.8269
-42.4196;16;23.4174
-3.64065;16;-48.3171
45.4496;16;16.7966
-34.1868;16;34.3374
-16.9962;16;-45.3754
48.3326;16;3.42823
-23.2307;16;42.5221
-28.9978;16;-38.8191
47.3654;16;-10.2132
-10.4241;16;47.3195
-38.6895;16;-29.1705
42.6252;16;-23.041
3.21284;16;48.3474
-45.2992;16;-17.1982
34.4894;16;-34.0335
16.5939;16;45.524
-48.3004;16;-3.8559
23.6062;16;-42.3148
28.6531;16;39.0742
-47.454;16;9.79355
10.8426;16;-47.2253
38.4298;16;29.5118
-42.8274;16;22.6629
-2.78477;16;-48.374
45.1452;16;17.5985
-34.7893;16;33.7269
-16.1903;16;-45.6691
48.2644;16;4.28328
-23.9798;16;42.1042
-28.3061;16;-39.3263
47.5388;16;-9.37314
-11.2602;16;47.1275
-38.1671;16;-29.8508
43.0264;16;-22.2829
2.35649;16;48.3967
-44.9877;16;-17.9974
35.0864;16;-33.4176
15.7854;16;45.8106
-48.2246;16;-4.71031
24.3516;16;-41.8903
27.9569;16;39.5753
-47.6199;16;8.95199
11.6769;16;-47.026
37.9013;16;30.1875
-43.2219;16;21.9012
-1.92802;16;-48.4157
44.8266;16;18.3949
-35.3809;16;33.1057
-15.3793;16;-45.9486
48.181;16;5.13698
-24.7214;16;41.6731
-27.6055;16;-39.8212
47.6973;16;-8.53014
-12.0926;16;46.9208
-37.6327;16;-30.5218
43.4141;16;-21.5177
1.49941;16;48.4308
-44.662;16;-18.7909
35.6725;16;-32.7913
14.972;16;46.0829
-48.1336;16;-5.56324
25.0893;16;-41.4526
27.252;16;40.064
-47.7709;16;8.10762
12.5075;16;-46.8119
37.361;16;30.8537
-43.6028;16;21.1326
-1.07067;16;-48.4422
44.4939;16;19.1855
-35.9614;16;32.4742
-14.5635;16;-46.2136
48.0825;16;5.98907
-25.4552;16;41.229
-26.8963;16;-40.3037
47.8408;16;-7.68447
-12.9213;16;46.6994
-37.0865;16;-31.1831
43.7882;16;-20.7459
0.641852;16;48.4498
-44.3224;16;-19.5786
36.2474;16;-32.1547
14.1539;16;46.3407
-48.0276;16;-6.41443
25.8192;16;-41.002
26.5385;16;40.5402
-47.907;16;7.26071
13.3342;16;-46.5832
36.809;16;31.5102
-43.9701;16;20.3575
-0.212982;16;-48.4536
44.1473;16;19.9701
-36.5306;16;31.8326
-13.7432;16;-46.4642
47.9689;16;6.83928
-26.1811;16;40.7719
-26.1786;16;-40.7735
47.9693;16;-6.83639
-13.746;16;46.4633
47.7472;18;0
-19.8698;18;43.4164
-31.2097;18;-36.1352
45.8454;18;-13.3413
-6.94722;18;47.2391
-40.0633;18;-25.9755
40.2917;18;-25.6199
6.52882;18;47.2987
-45.7256;18;-13.7466
31.5283;18;-35.8575
19.4848;18;43.5906
-47.7453;18;-0.422625
20.2534;18;-43.2388
30.8886;18;36.41
-45.9617;18;12.935
7.36507;18;-47.1757
39.8318;18;26.3291
-40.5168;18;25.2622
-6.10991;18;-47.3547
45.6021;18;14.1508
-31.8444;18;35.5771
-19.0982;18;-43.7613
47.7397;18;0.845217
-20.6353;18;43.0579
-30.5651;18;-36.682
46.0744;18;-12.5277
-7.78235;18;47.1087
-39.5972;18;-26.6806
40.7389;18;-24.9026
5.69052;18;47.4069
-45.475;18;-14.5539
32.1581;18;-35.2938
18.7101;18;43.9287
-47.7304;18;-1.26774
21.0156;18;-42.8735
30.2392;18;36.9511
-46.1835;18;12.1194
8.19902;18;-47.038
39.3595;18;27.0301
-40.9577;18;24.541
-5.27068;18;-47.4554
45.3444;18;14.9558
-32.4692;18;35.0078
-18.3205;18;-44.0926
47.7173;18;1.69017
-21.3943;18;42.6858
-29.911;18;-37.2173
46.289;18;-11.7101
-8.61505;18;46.9636
-39.1187;18;-27.3774
41.1733;18;-24.1775
4.85043;18;47.5002
-45.2103;18;-15.3566
32.7778;18;-34.719
17.9295;18;44.253
-47.7004;18;-2.11246
21.7712;18;-42.4948
29.5804;18;37.4806
-46.3908;18;11.2999
9.0304;18;-46.8855
38.8749;18;27.7226
-41.3857;18;23.8122
-4.4298;18;-47.5413
45.0726;18;15.7561
-33.0838;18;34.4275
-17.5371;18;-44.41
47.6799;18;2.53459
-22.1465;18;42.3004
-29.2475;18;-37.741
46.489;18;-10.8889
-9.44504;18;46.8037
-38.628;18;-28.0656
41.5948;18;-23.4449
4.00883;18;47.5786
-44.9314;18;-16.1545
33.3873;18;-34.1333
17.1434;18;44.5634
-47.6556;18;-2.95652
22.5201;18;-42.1027
28.9123;18;37.9984
-46.5836;18;10.4769
9.85895;18;-46.7183
38.378;18;28.4064
-41.8007;18;23.0758
-3.58754;18;-47.6122
44.7866;18;16.5515
-33.6881;18;33.8365
-16.7482;18;-44.7134
47.6275;18;3.37822
-22.8919;18;41.9018
-28.5748;18;-38.2528
46.6745;18;-10.0642
-10.2721;18;46.6292
-38.1251;18;-28.745
42.0033;18;-22.7049
3.16597;18;47.6421
-44.6384;18;-16.9473
33.9863;18;-33.537
16.3518;18;44.8599
-47.5958;18;-3.79965
23.2618;18;-41.6975
28.2351;18;38.5042
-46.7617;18;9.65068
10.6844;18;-46.5364
37.8692;18;29.0813
-42.2027;18;22.3322
-2.74415;18;-47.6683
44.4866;18;17.3418
-34.2818;18;33.2348
-15.9541;18;-45.0029
47.5603;18;4.22079
-23.63;18;41.49
-27.8932;18;-38.7526
46.8453;18;-9.2364
-11.0959;18;46.44
-37.6103;18;-29.4153
42.3987;18;-21.9578
2.32211;18;47.6907
-44.3314;18;-17.7348
34.5746;18;-32.9301
15.5551;18;45.1424
-47.5211;18;-4.6416
23.9963;18;-41.2792
27.5491;18;38.998
-46.9252;18;8.8214
11.5065;18;-46.34
37.3484;18;29.7471
-42.5914;18;21.5817
-1.8999;18;-47.7094
44.1727;18;18.1265
-34.8647;18;32.6228
-15.155;18;-45.2783
47.4781;18;5.06204
-24.3608;18;41.0652
-27.2028;18;-39.2403
47.0015;18;-8.4057
-11.9162;18;46.2363
-37.0837;18;-30.0765
42.7807;18;-21.2038
1.47753;18;47.7243
-44.0105;18;-18.5168
35.1521;18;-32.3129
14.7536;18;45.4106
-47.4314;18;-5.48208
24.7233;18;-40.8479
26.8544;18;39.4796
-47.074;18;7.98935
12.325;18;-46.129
36.816;18;30.4036
-42.9667;18;20.8243
-1.05505;18;-47.7355
43.8449;18;18.9056
-35.4367;18;32.0005
-14.3511;18;-45.5394
47.3811;18;5.9017
-25.0839;18;40.6275
-26.5039;18;-39.7157
47.1429;18;-7.57237
-12.7328;18;46.0181
-36.5454;18;-30.7282
43.1494;18;-20.4432
0.632488;18;47.743
-43.6758;18;-19.293
35.7186;18;-31.6856
13.9474;18;45.6647
-47.327;18;-6.32085
25.4425;18;-40.4039
26.1513;18;39.9487
-47.2081;18;7.15479
13.1397;18;-45.9036
36.272;18;31.0505
-43.3286;18;20.0605
-0.209875;18;-47.7467
43.5033;18;19.6788
-35.9977;18;31.3682
-13.5427;18;-45.7864
47.2692;18;6.73951
-25.7991;18;40.1771
-25.7967;18;-40.1787
47.2696;18;-6.73666
-13.5455;18;45.7855
46.9446;20;0
-19.5358;20;42.6866
-30.685;20;-35.5278
45.0748;20;-13.117
-6.83044;20;46.445
-39.3899;20;-25.5389
39.6144;20;-25.1892
6.41907;20;46.5037
-44.9569;20;-13.5155
30.9983;20;-35.2548
19.1572;20;42.8578
-46.9428;20;-0.415521
19.9129;20;-42.512
30.3694;20;35.798
-45.1891;20;12.7176
7.24127;20;-46.3827
39.1623;20;25.8865
-39.8358;20;24.8376
-6.0072;20;-46.5587
44.8355;20;13.9129
-31.3091;20;34.979
-18.7771;20;-43.0257
46.9372;20;0.83101
-20.2884;20;42.3341
-30.0513;20;-36.0654
45.2999;20;-12.3171
-7.65154;20;46.3168
-38.9316;20;-26.2321
40.0541;20;-24.484
5.59486;20;46.61
-44.7106;20;-14.3092
31.6175;20;-34.7005
18.3956;20;43.1903
-46.928;20;-1.24643
20.6623;20;-42.1529
29.7309;20;36.33
-45.4072;20;11.9156
8.0612;20;-46.2473
38.6979;20;26.5757
-40.2692;20;24.1285
-5.18208;20;-46.6577
44.5822;20;14.7044
-31.9234;20;34.4193
-18.0126;20;-43.3514
46.9152;20;1.66176
-21.0346;20;41.9683
-29.4082;20;-36.5917
45.5109;20;-11.5133
-8.47023;20;46.1741
-38.4612;20;-26.9172
40.4812;20;-23.7711
4.7689;20;46.7017
-44.4503;20;-15.0984
32.2268;20;-34.1354
17.6281;20;43.5091
-46.8986;20;-2.07695
21.4053;20;-41.7805
29.0831;20;36.8506
-45.611;20;11.11
8.8786;20;-46.0973
38.2214;20;27.2566
-40.69;20;23.4119
-4.35534;20;-46.7421
44.315;20;15.4913
-32.5277;20;33.8488
-17.2423;20;-43.6634
46.8784;20;2.49199
-21.7743;20;41.5894
-28.7558;20;-37.1066
45.7076;20;-10.7058
-9.28628;20;46.017
-37.9786;20;-27.5938
40.8957;20;-23.0508
3.94144;20;46.7788
-44.1761;20;-15.8829
32.826;20;-33.5596
16.8552;20;43.8144
-46.8545;20;-2.90683
22.1415;20;-41.395
28.4263;20;37.3596
-45.8005;20;10.3008
9.69322;20;-45.933
37.7329;20;27.9289
-41.0981;20;22.6879
-3.52723;20;-46.8119
44.0338;20;16.2733
-33.1218;20;33.2677
-16.4667;20;-43.9618
46.827;20;3.32143
-22.5071;20;41.1974
-28.0945;20;-37.6098
45.8899;20;-9.89503
-10.0994;20;45.8454
-37.4842;20;-28.2618
41.2973;20;-22.3233
3.11275;20;46.8413
-43.888;20;-16.6624
33.415;20;-32.9732
16.077;20;44.1059
-46.7957;20;-3.73578
22.8708;20;-40.9966
27.7605;20;37.857
-45.9757;20;9.48846
10.5048;20;-45.7542
37.2326;20;28.5924
-41.4933;20;21.9569
-2.69802;20;-46.867
43.7388;20;17.0503
-33.7055;20;32.6762
-15.6859;20;-44.2464
46.7608;20;4.14984
-23.2328;20;40.7925
-27.4243;20;-38.1012
46.0579;20;-9.08114
-10.9094;20;45.6594
-36.9781;20;-28.9209
41.686;20;-21.5887
2.28308;20;46.889
-43.5862;20;-17.4367
33.9934;20;-32.3766
15.2937;20;44.3835
-46.7223;20;-4.56357
23.593;20;-40.5853
27.086;20;38.3425
-46.1365;20;8.67311
11.3131;20;-45.561
36.7206;20;29.2471
-41.8754;20;21.2189
-1.86796;20;-46.9074
43.4301;20;17.8218
-34.2787;20;32.0744
-14.9002;20;-44.5172
46.68;20;4.97695
-23.9513;20;40.3749
-26.7455;20;-38.5807
46.2114;20;-8.26441
-11.7159;20;45.4591
-36.4603;20;-29.5709
42.0616;20;-20.8474
1.4527;20;46.9221
-43.2707;20;-18.2056
34.5612;20;-31.7697
14.5056;20;44.6473
-46.6341;20;-5.38993
24.3077;20;-40.1613
26.403;20;38.8159
-46.2828;20;7.85505
12.1178;20;-45.3536
36.1971;20;29.8925
-42.2445;20;20.4743
-1.03732;20;-46.9331
43.1079;20;18.5878
-34.8411;20;31.4626
-14.1098;20;-44.774
46.5846;20;5.80249
-24.6622;20;39.9446
-26.0584;20;-39.0481
46.3505;20;-7.44508
-12.5188;20;45.2446
-35.9311;20;-30.2117
42.4241;20;-20.0996
0.621857;20;46.9405
-42.9416;20;-18.9687
35.1182;20;-31.153
13.713;20;44.8971
-46.5314;20;-6.2146
25.0148;20;-39.7247
25.7117;20;39.2772
-46.4146;20;7.03453
12.9188;20;-45.132
35.6623;20;30.5286
-42.6003;20;19.7233
-0.206347;20;-46.9441
42.7721;20;19.348
-35.3926;20;30.8409
-13.315;20;-45.0167
46.4746;20;6.62622
-25.3655;20;39.5018
-25.3631;20;-39.5033
46.475;20;-6.62342
-13.3178;20;45.0159
46.0412;22;0
-19.1599;22;41.8652
-30.0946;22;-34.8441
44.2074;22;-12.8646
-6.699;22;45.5513
-38.6319;22;-25.0474
38.8521;22;-24.7045
6.29555;22;45.6088
-44.0918;22;-13.2554
30.4018;22;-34.5764
18.7886;22;42.0331
-46.0394;22;-0.407525
19.5297;22;-41.6939
29.785;22;35.1091
-44.3196;22;12.4728
7.10193;22;-45.4902
38.4087;22;25.3884
-39.0692;22;24.3596
-5.89161;22;-45.6627
43.9728;22;13.6452
-30.7066;22;34.3059
-18.4158;22;-42.1978
46.034;22;0.815018
-19.898;22;41.5194
-29.473;22;-35.3714
44.4282;22;-12.0801
-7.5043;22;45.4255
-38.1824;22;-25.7273
39.2833;22;-24.0128
5.4872;22;45.7131
-43.8503;22;-14.0339
31.0091;22;-34.0328
18.0416;22;42.3591
-46.025;22;-1.22245
20.2647;22;-41.3417
29.1588;22;35.6309
-44.5334;22;11.6863
7.90608;22;-45.3573
37.9532;22;26.0643
-39.4943;22;23.6642
-5.08236;22;-45.7599
43.7243;22;14.4214
-31.3091;22;33.757
-17.6659;22;-42.5172
46.0124;22;1.62978
-20.6299;22;41.1607
-28.8423;22;-35.8876
44.6351;22;-11.2917
-8.30724;22;45.2856
-37.721;22;-26.3992
39.7022;22;-23.3137
4.67713;22;45.803
-43.595;22;-14.8079
31.6067;22;-33.4785
17.2889;22;42.6719
-45.9961;22;-2.03699
20.9934;22;-40.9765
28.5235;22;36.1415
-44.7333;22;10.8962
8.70775;22;-45.2103
37.4859;22;26.7321
-39.907;22;22.9614
-4.27153;22;-45.8427
43.4622;22;15.1932
-31.9018;22;33.1975
-16.9105;22;-42.8232
45.9763;22;2.44403
-21.3553;22;40.7891
-28.2025;22;-36.3925
44.828;22;-10.4998
-9.10758;22;45.1314
-37.2478;22;-27.0628
40.1087;22;-22.6072
3.8656;22;45.8787
-43.326;22;-15.5773
32.1944;22;-32.9138
16.5308;22;42.9712
-45.9529;22;-2.85089
21.7155;22;-40.5984
27.8792;22;36.6407
-44.9192;22;10.1026
9.5067;22;-45.0491
37.0068;22;27.3914
-40.3072;22;22.2513
-3.45936;22;-45.9111
43.1864;22;15.9602
-32.4844;22;32.6275
-16.1498;22;-43.1159
45.9258;22;3.25752
-22.0739;22;40.4046
-27.5538;22;-36.8861
45.0068;22;-9.70462
-9.90507;22;44.9631
-36.7629;22;-27.7179
40.5026;22;-21.8937
3.05285;22;45.9399
-43.0435;22;-16.3418
32.772;22;-32.3387
15.7676;22;43.2571
-45.8952;22;-3.6639
22.4307;22;-40.2077
27.2263;22;37.1285
-45.091;22;9.30587
10.3027;22;-44.8737
36.5161;22;28.0422
-40.6948;22;21.5343
-2.6461;22;-45.9651
42.8971;22;16.7221
-33.0569;22;32.0474
-15.3841;22;-43.395
45.861;22;4.06999
-22.7857;22;40.0076
-26.8966;22;-37.368
45.1716;22;-8.90639
-10.6994;22;44.7808
-36.2665;22;-28.3644
40.8838;22;-21.1733
2.23915;22;45.9867
-42.7474;22;-17.1012
33.3393;22;-31.7535
14.9994;22;43.5295
-45.8232;22;-4.47576
23.139;22;-39.8043
26.5648;22;37.6046
-45.2486;22;8.50622
11.0954;22;-44.6843
36.014;22;28.6842
-41.0696;22;20.8106
-1.83202;22;-46.0048
42.5944;22;17.4789
-33.619;22;31.4572
-14.6135;22;-43.6605
45.7818;22;4.88118
-23.4904;22;39.5979
-26.2309;22;-37.8383
45.3222;22;-8.10537
-11.4905;22;44.5843
-35.7587;22;-29.0019
41.2522;22;-20.4462
1.42474;22;46.0192
-42.438;22;-17.8552
33.8962;22;-31.1584
14.2265;22;43.7882
-45.7368;22;-5.28621
23.8399;22;-39.3885
25.8949;22;38.069
-45.3921;22;7.70389
11.8847;22;-44.4809
35.5006;22;29.3173
-41.4316;22;20.0803
-1.01736;22;-46.03
42.2783;22;18.2302
-34.1706;22;30.8571
-13.8383;22;-43.9124
45.6882;22;5.69084
-24.1877;22;39.1759
-25.5569;22;-38.2967
45.4585;22;-7.30181
-12.2779;22;44.374
-35.2397;22;-29.6303
41.6077;22;-19.7128
0.60989;22;46.0372
-42.1153;22;-18.6037
34.4424;22;-30.5535
13.4491;22;44.0331
-45.636;22;-6.09501
24.5335;22;-38.9603
25.217;22;38.5214
-45.5214;22;6.89916
12.6702;22;-44.2635
34.9761;22;29.9411
-41.7805;22;19.3437
-0.202377;22;-46.0408
41.949;22;18.9757
-34.7115;22;30.2474
-13.0588;22;-44.1504
45.5803;22;6.49871
-24.8773;22;38.7416
-24.875;22;-38.7431
45.5807;22;-6.49596
-13.0615;22;44.1497
45.031;24;0
-18.7395;24;40.9466
-29.4343;24;-34.0796
43.2375;24;-12.5824
-6.55202;24;44.5518
-37.7843;24;-24.4978
37.9996;24;-24.1624
6.15742;24;44.6081
-43.1244;24;-12.9646
29.7348;24;-33.8177
18.3764;24;41.1109
-45.0293;24;-0.398584
19.1012;24;-40.7791
29.1315;24;34.3388
-43.3471;24;12.1992
6.9461;24;-44.4921
37.5659;24;24.8313
-38.212;24;23.8251
-5.76234;24;-44.6608
43.008;24;13.3458
-30.0329;24;33.5532
-18.0118;24;-41.2719
45.024;24;0.797136
-19.4614;24;40.6085
-28.8264;24;-34.5953
43.4534;24;-11.815
-7.33964;24;44.4289
-37.3447;24;-25.1629
38.4214;24;-23.486
5.36681;24;44.7101
-42.8881;24;-13.7259
30.3287;24;-33.2861
17.6457;24;41.4297
-45.0152;24;-1.19563
19.8201;24;-40.4346
28.519;24;34.8491
-43.5563;24;11.4299
7.73261;24;-44.3622
37.1205;24;25.4924
-38.6278;24;23.145
-4.97085;24;-44.7558
42.765;24;14.105
-30.6222;24;33.0163
-17.2783;24;-41.5843
45.0028;24;1.59402
-20.1772;24;40.2576
-28.2094;24;-35.1002
43.6558;24;-11.044
-8.12497;24;44.292
-36.8934;24;-25.82
38.8311;24;-22.8022
4.57451;24;44.7981
-42.6385;24;-14.483
30.9132;24;-32.744
16.9096;24;41.7356
-44.9869;24;-1.99229
20.5328;24;-40.0774
27.8977;24;35.3485
-43.7518;24;10.6571
8.5167;24;-44.2183
36.6634;24;26.1455
-39.0314;24;22.4576
-4.17781;24;-44.8368
42.5086;24;14.8598
-31.2018;24;32.4691
-16.5395;24;-41.8836
44.9676;24;2.39041
-20.8867;24;39.8941
-27.5837;24;-35.594
43.8444;24;-10.2694
-8.90775;24;44.1412
-36.4306;24;-26.469
39.2287;24;-22.1112
3.78078;24;44.872
-42.3754;24;-15.2355
31.488;24;-32.1916
16.1681;24;42.0284
-44.9446;24;-2.78834
21.239;24;-39.7077
27.2676;24;35.8368
-43.9336;24;9.88095
9.29811;24;-44.0606
36.1948;24;26.7904
-39.4229;24;21.7631
-3.38346;24;-44.9038
42.2389;24;15.61
-31.7717;24;31.9117
-15.7955;24;-42.1699
44.9182;24;3.18605
-21.5896;24;39.5181
-26.9493;24;-36.0767
44.0193;24;-9.49169
-9.68774;24;43.9766
-35.9563;24;-27.1098
39.6139;24;-21.4133
2.98587;24;44.9319
-42.0991;24;-15.9832
32.0529;24;-31.6292
15.4216;24;42.308
-44.8882;24;-3.58351
21.9386;24;-39.3255
26.6289;24;36.3139
-44.1016;24;9.10169
10.0766;24;-43.8891
35.7149;24;27.427
-39.8019;24;21.0619
-2.58804;24;-44.9566
41.9559;24;16.3553
-32.3316;24;31.3442
-15.0465;24;-42.4429
44.8548;24;3.98069
-22.2858;24;39.1298
-26.3064;24;-36.5481
44.1805;24;-8.71098
-10.4647;24;43.7982
-35.4708;24;-27.742
39.9868;24;-20.7087
2.19002;24;44.9778
-41.8095;24;-16.726
32.6078;24;-31.0568
14.6703;24;42.5744
-44.8178;24;-4.37755
22.6313;24;-38.931
25.9819;24;36.7796
-44.2558;24;8.31958
10.852;24;-43.7039
35.2238;24;28.0549
-40.1685;24;20.354
-1.79182;24;-44.9954
41.6598;24;17.0954
-32.8814;24;30.767
-14.2929;24;-42.7026
44.7773;24;4.77408
-22.975;24;38.7291
-25.6553;24;-37.0081
44.3277;24;-7.92753
-11.2384;24;43.6061
-34.9741;24;-28.3656
40.3471;24;-19.9976
1.39348;24;45.0095
-41.5069;24;-17.4635
33.1524;24;-30.4747
13.9143;24;42.8274
-44.7332;24;-5.17023
23.3169;24;-38.5243
25.3268;24;37.2337
-44.3962;24;7.53486
11.6239;24;-43.5049
34.7217;24;28.674
-40.5225;24;19.6397
-0.995034;24;-45.0201
41.3507;24;17.8302
-33.4209;24;30.1801
-13.5347;24;-42.9489
44.6857;24;5.56597
-23.657;24;38.3164
-24.9962;24;-37.4564
44.4611;24;-7.1416
-12.0085;24;43.4003
-34.4665;24;-28.9802
40.6948;24;-19.2803
0.596509;24;45.0271
-41.1913;24;-18.1955
33.6867;24;-29.8831
13.154;24;43.067
-44.6347;24;-5.96128
23.9952;24;-38.1055
24.6637;24;37.6762
-44.5226;24;6.74779
12.3922;24;-43.2924
34.2087;24;29.2842
-40.8638;24;18.9193
-0.197936;24;-45.0306
41.0286;24;18.5594
-33.9499;24;29.5838
-12.7723;24;-43.1817
44.5802;24;6.35613
-24.3315;24;37.8916
-24.3292;24;-37.8931
44.5806;24;-6.35344
-12.7749;24;43.181
43.9067;26;0
-18.2716;26;39.9242
-28.6993;26;-33.2287
42.1579;26;-12.2682
-6.38842;26;43.4394
-36.8408;26;-23.8862
37.0508;26;-23.5591
6.00367;26;43.4943
-42.0476;26;-12.6409
28.9923;26;-32.9733
17.9175;26;40.0844
-43.9049;26;-0.388631
18.6243;26;-39.7609
28.4041;26;33.4814
-42.2648;26;11.8946
6.77267;26;-43.3812
36.628;26;24.2113
-37.2579;26;23.2303
-5.61846;26;-43.5457
41.9341;26;13.0126
-29.283;26;32.7154
-17.562;26;-40.2414
43.8998;26;0.777232
-18.9755;26;39.5945
-28.1066;26;-33.7315
42.3684;26;-11.52
-7.15638;26;43.3195
-36.4122;26;-24.5346
37.462;26;-22.8996
5.2328;26;43.5937
-41.8173;26;-13.3832
29.5715;26;-32.455
17.2051;26;40.3953
-43.8912;26;-1.16577
19.3252;26;-39.425
27.8069;26;33.979
-42.4687;26;11.1445
7.53954;26;-43.2545
36.1936;26;24.8559
-37.6633;26;22.5671
-4.84674;26;-43.6383
41.6972;26;13.7528
-29.8576;26;32.1919
-16.8469;26;-40.546
43.8791;26;1.55422
-19.6734;26;39.2524
-27.5051;26;-34.2238
42.5657;26;-10.7682
-7.9221;26;43.1861
-35.9722;26;-25.1753
37.8615;26;-22.2328
4.46029;26;43.6795
-41.5738;26;-14.1214
30.1413;26;-31.9264
16.4874;26;40.6935
-43.8637;26;-1.94255
20.0201;26;-39.0767
27.2011;26;34.4659
-42.6594;26;10.391
8.30404;26;-43.1142
35.748;26;25.4927
-38.0569;26;21.8968
-4.07349;26;-43.7173
41.4472;26;14.4888
-30.4227;26;31.6584
-16.1265;26;-40.8378
43.8448;26;2.33072
-20.3652;26;38.898
-26.8949;26;-34.7053
42.7497;26;-10.013
-8.68533;26;43.0391
-35.5209;26;-25.8081
38.2492;26;-21.5591
3.68638;26;43.7516
-41.3173;26;-14.8551
30.7018;26;-31.3878
15.7644;26;40.979
-43.8224;26;-2.71872
20.7087;26;-38.7162
26.5867;26;34.942
-42.8366;26;9.63423
9.06595;26;-42.9605
35.2911;26;26.1215
-38.4385;26;21.2197
-3.29897;26;-43.7826
41.1842;26;15.2202
-30.9784;26;31.1149
-15.4011;26;-41.1169
43.7966;26;3.10649
-21.0506;26;38.5314
-26.2764;26;-35.1759
42.9202;26;-9.25469
-9.44585;26;42.8786
-35.0585;26;-26.4329
38.6248;26;-20.8787
2.91131;26;43.81
-41.0479;26;-15.5842
31.2526;26;-30.8394
15.0366;26;41.2516
-43.7674;26;-3.49403
21.3908;26;-38.3436
25.964;26;35.4071
-43.0005;26;8.87443
9.82501;26;-42.7933
34.8232;26;26.7421
-38.8081;26;20.536
-2.52342;26;-43.8341
40.9083;26;15.9469
-31.5243;26;30.5616
-14.6708;26;-41.3831
43.7348;26;3.88129
-21.7293;26;38.1527
-25.6496;26;-35.6356
43.0773;26;-8.49347
-10.2034;26;42.7046
-34.5851;26;-27.0493
38.9884;26;-20.1917
2.13533;26;43.8547
-40.7656;26;-16.3083
31.7936;26;-30.2814
14.304;26;41.5113
-43.6987;26;-4.26825
22.0662;26;-37.9589
25.3332;26;35.8612
-43.1508;26;8.11185
10.581;26;-42.6126
34.3443;26;27.3544
-39.1656;26;19.8458
-1.74708;26;-43.8719
40.6196;26;16.6685
-32.0604;26;29.9988
-13.936;26;-41.6363
43.6592;26;4.65487
-22.4013;26;37.7621
-25.0147;26;-36.084
43.2209;26;-7.72959
-10.9578;26;42.5173
-34.1009;26;-27.6573
39.3397;26;-19.4983
1.35869;26;43.8856
-40.4705;26;-17.0274
32.3247;26;-29.7138
13.5669;26;41.758
-43.6163;26;-5.04113
22.7347;26;-37.5623
24.6944;26;36.304
-43.2877;26;7.34673
11.3337;26;-42.4187
33.8547;26;27.9581
-39.5107;26;19.1493
-0.970189;26;-43.8959
40.3182;26;17.385
-32.5864;26;29.4265
-13.1968;26;-41.8765
43.57;26;5.427
-23.0663;26;37.3596
-24.3721;26;-36.5212
43.351;26;-6.96328
-11.7087;26;42.3167
-33.6059;26;-28.2566
39.6787;26;-18.7989
0.581614;26;43.9028
-40.1628;26;-17.7412
32.8456;26;-29.137
12.8256;26;41.9917
-43.5202;26;-5.81244
23.396;26;-37.154
24.0479;26;36.7355
-43.4109;26;6.5793
12.0828;26;-42.2114
33.3545;26;28.553
-39.8435;26;18.4469
-0.192994;26;-43.9062
40.0041;26;18.096
-33.1022;26;28.8451
-12.4534;26;-42.1035
43.4671;26;6.19742
-23.724;26;36.9455
-23.7218;26;-36.9469
43.4675;26;-6.1948
-12.4559;26;42.1028
42.6591;28;0
-17.7524;28;38.7898
-27.8838;28;-32.2845
40.96;28;-11.9196
-6.20689;28;42.2051
-35.794;28;-23.2074
35.998;28;-22.8897
5.83308;28;42.2584
-40.8528;28;-12.2817
28.1685;28;-32.0364
17.4084;28;38.9454
-42.6574;28;-0.377588
18.0951;28;-38.6311
27.597;28;32.53
-41.0639;28;11.5566
6.58022;28;-42.1485
35.5872;28;23.5233
-36.1992;28;22.5702
-5.45881;28;-42.3083
40.7425;28;12.6428
-28.4509;28;31.7858
-17.063;28;-39.0979
42.6524;28;0.755147
-18.4363;28;38.4694
-27.308;28;-32.773
41.1645;28;-11.1927
-6.95303;28;42.0886
-35.3776;28;-23.8374
36.3976;28;-22.2489
5.08411;28;42.355
-40.629;28;-13.0029
28.7312;28;-31.5327
16.7163;28;39.2474
-42.644;28;-1.13265
18.7761;28;-38.3047
27.0168;28;33.0134
-41.262;28;10.8279
7.3253;28;-42.0254
35.1652;28;24.1496
-36.5931;28;21.9258
-4.70902;28;-42.3983
40.5124;28;13.362
-29.0092;28;31.2772
-16.3682;28;-39.3939
42.6323;28;1.51006
-19.1144;28;38.1371
-26.7235;28;-33.2513
41.3562;28;-10.4622
-7.69699;28;41.9589
-34.9501;28;-24.4599
36.7857;28;-21.6011
4.33355;28;42.4384
-40.3925;28;-13.7201
29.2849;28;-31.0192
16.0189;28;39.5372
-42.6173;28;-1.88735
19.4512;28;-37.9664
26.4282;28;33.4865
-41.4472;28;10.0958
8.06808;28;-41.8891
34.7322;28;24.7683
-36.9755;28;21.2746
-3.95775;28;-42.4751
40.2695;28;14.0771
-29.5583;28;30.7588
-15.6683;28;-39.6774
42.5989;28;2.2645
-19.7865;28;37.7927
-26.1307;28;-33.7191
41.5349;28;-9.72849
-8.43854;28;41.8161
-34.5116;28;-25.0748
37.1623;28;-20.9465
3.58163;28;42.5084
-40.1433;28;-14.433
29.8294;28;-30.496
15.3165;28;39.8146
-42.5772;28;-2.64146
20.1202;28;-37.6161
25.8312;28;33.9491
-41.6194;28;9.36047
8.80834;28;-41.7398
34.2883;28;25.3793
-37.3463;28;20.6168
-3.20523;28;-42.5385
40.014;28;14.7877
-30.0981;28;30.2307
-14.9635;28;-39.9486
42.5521;28;3.01822
-20.4524;28;37.4365
-25.5297;28;-34.1764
41.7006;28;-8.99172
-9.17744;28;41.6602
-34.0623;28;-25.6818
37.5273;28;-20.2854
2.82859;28;42.5652
-39.8815;28;-15.1413
30.3645;28;-29.9631
14.6093;28;40.0795
-42.5238;28;-3.39475
20.783;28;-37.254
25.2262;28;34.401
-41.7786;28;8.62226
9.54583;28;-41.5773
33.8337;28;25.9823
-37.7054;28;19.9524
-2.45172;28;-42.5885
39.7459;28;15.4937
-30.6286;28;29.6932
-14.254;28;-40.2072
42.4921;28;3.77101
-21.1119;28;37.0686
-24.9208;28;-34.623
41.8533;28;-8.25213
-9.91347;28;41.4912
-33.6024;28;-26.2807
37.8805;28;-19.6179
2.07466;28;42.6086
-39.6072;28;-15.8449
30.8902;28;-29.4209
13.8975;28;40.3318
-42.457;28;-4.14697
21.4392;28;-36.8803
24.6133;28;34.8422
-41.9247;28;7.88135
10.2803;28;-41.4018
33.3684;28;26.5771
-38.0527;28;19.2818
-1.69744;28;-42.6253
39.4654;28;16.1949
-31.1494;28;29.1464
-13.54;28;-40.4532
42.4186;28;4.52261
-21.7648;28;36.6891
-24.304;28;-35.0587
41.9928;28;-7.50995
-10.6464;28;41.3092
-33.1319;28;-26.8714
38.2218;28;-18.9443
1.32008;28;42.6386
-39.3205;28;-16.5436
31.4062;28;-28.8695
13.1814;28;40.5715
-42.3769;28;-4.89789
22.0887;28;-36.495
23.9927;28;35.2725
-42.0576;28;7.13797
11.0116;28;-41.2133
32.8927;28;27.1636
-38.388;28;18.6052
-0.942621;28;-42.6486
39.1726;28;16.891
-31.6605;28;28.5904
-12.8218;28;-40.6866
42.3319;28;5.27279
-22.4108;28;36.2981
-23.6795;28;-35.4834
42.1192;28;-6.76542
-11.376;28;41.1143
-32.651;28;-27.4537
38.5512;28;-18.2647
0.565088;28;42.6553
-39.0215;28;-17.237
31.9123;28;-28.309
12.4611;28;40.7985
-42.2836;28;-5.64727
22.7312;28;-36.0983
23.3645;28;35.6916
-42.1774;28;6.39235
11.7394;28;-41.012
32.4067;28;27.7416
-38.7114;28;17.9228
-0.18751;28;-42.6586
38.8674;28;17.5818
-32.1616;28;28.0255
-12.0995;28;-40.9072
42.232;28;6.02132
-23.0499;28;35.8957
-23.0477;28;-35.897
42.2323;28;-6.01877
-12.102;28;40.9064
41.2771;30;0
-17.1773;30;37.5331
-26.9805;30;-31.2386
39.633;30;-11.5334
-6.00581;30;40.8378
-34.6344;30;-22.4556
34.8318;30;-22.1481
5.64411;30;40.8894
-39.5294;30;-11.8838
27.2559;30;-30.9985
16.8444;30;37.6837
-41.2754;30;-0.365356
17.5089;30;-37.3796
26.7029;30;31.4762
-39.7335;30;11.1822
6.36704;30;-40.783
34.4343;30;22.7613
-35.0265;30;21.839
-5.28196;30;-40.9377
39.4226;30;12.2332
-27.5292;30;30.7561
-16.5102;30;-37.8313
41.2706;30;0.730683
-17.839;30;37.2232
-26.4233;30;-31.7113
39.831;30;-10.8301
-6.72778;30;40.7251
-34.2315;30;-23.0652
35.2184;30;-21.5281
4.9194;30;40.9829
-39.3128;30;-12.5817
27.8004;30;-30.5112
16.1747;30;37.976
-41.2625;30;-1.09595
18.1678;30;-37.0638
26.1415;30;31.9439
-39.9253;30;10.4771
7.08799;30;-40.6639
34.026;30;23.3673
-35.4076;30;21.2155
-4.55646;30;-41.0248
39.1999;30;12.9292
-28.0694;30;30.2639
-15.8379;30;-38.1176
41.2512;30;1.46114
-18.4952;30;36.9015
-25.8578;30;-32.1741
40.0164;30;-10.1233
-7.44764;30;40.5996
-33.8178;30;-23.6675
35.594;30;-20.9013
4.19316;30;41.0635
-39.0839;30;-13.2756
28.3361;30;-30.0143
15.4999;30;38.2563
-41.2366;30;-1.82621
18.8211;30;-36.7364
25.572;30;32.4017
-40.1045;30;9.76868
7.8067;30;-40.5321
33.607;30;23.9659
-35.7776;30;20.5854
-3.82953;30;-41.099
38.9649;30;13.621
-28.6007;30;29.7623
-15.1607;30;-38.392
41.2189;30;2.19113
-19.1455;30;36.5684
-25.2842;30;-32.6268
40.1894;30;-9.41332
-8.16516;30;40.4614
-33.3935;30;-24.2624
35.9584;30;-20.2679
3.4656;30;41.1313
-38.8428;30;-13.9654
28.863;30;-29.508
14.8203;30;38.5247
-41.1978;30;-2.55589
19.4684;30;-36.3975
24.9944;30;32.8493
-40.2711;30;9.05723
8.52298;30;-40.3875
33.1775;30;24.5571
-36.1364;30;19.9489
-3.1014;30;-41.1604
38.7177;30;14.3087
-29.1231;30;29.2514
-14.4787;30;-38.6544
41.1736;30;2.92044
-19.7898;30;36.2237
-24.7027;30;-33.0692
40.3497;30;-8.70042
-8.88013;30;40.3105
-32.9588;30;-24.8498
36.3115;30;-19.6282
2.73695;30;41.1862
-38.5895;30;-14.6508
29.3808;30;-28.9924
14.136;30;38.781
-41.1461;30;-3.28477
20.1097;30;-36.0471
24.409;30;33.2866
-40.4251;30;8.34293
9.23658;30;-40.2303
32.7376;30;25.1405
-36.4839;30;19.306
-2.37229;30;-41.2088
38.4583;30;14.9918
-29.6363;30;28.7312
-13.7922;30;-38.9046
41.1155;30;3.64884
-20.4279;30;35.8677
-24.1134;30;-33.5013
40.4974;30;-7.98479
-9.59231;30;40.147
-32.5138;30;-25.4293
36.6533;30;-18.9824
2.00745;30;41.2282
-38.3241;30;-15.3316
29.8895;30;-28.4678
13.4473;30;39.0252
-41.0816;30;-4.01262
20.7446;30;-35.6855
23.8159;30;33.7134
-40.5665;30;7.62602
9.94729;30;-40.0605
32.2874;30;25.7161
-36.8199;30;18.6572
-1.64245;30;-41.2444
38.1869;30;15.6702
-30.1403;30;28.2021
-13.1013;30;-39.1427
41.0444;30;4.37609
-21.0597;30;35.5005
-23.5166;30;-33.9229
40.6324;30;-7.26666
-10.3015;30;39.9709
-32.0585;30;-26.0009
36.9836;30;-18.3305
1.27731;30;41.2573
-38.0467;30;-16.0076
30.3887;30;-27.9342
12.7544;30;39.2571
-41.0041;30;-4.73921
21.3731;30;-35.3127
23.2154;30;34.1297
-40.6951;30;6.90672
10.6549;30;-39.8782
31.8271;30;26.2836
-37.1444;30;18.0025
-0.912083;30;-41.267
37.9035;30;16.3438
-30.6348;30;27.6642
-12.4064;30;-39.3685
40.9605;30;5.10197
-21.6848;30;35.1221
-22.9124;30;-34.3339
40.7547;30;-6.54625
-11.0074;30;39.7823
-31.5932;30;-26.5643
37.3023;30;-17.673
0.546781;30;41.2734
-37.7574;30;-16.6786
30.8784;30;-27.3919
12.0574;30;39.4767
-40.9138;30;-5.46432
21.9948;30;-34.9288
22.6076;30;34.5354
-40.811;30;6.18526
11.3591;30;-39.6833
31.3569;30;26.8429
-37.4572;30;17.3421
-0.181435;30;-41.2766
37.6083;30;17.0122
-31.1197;30;27.1175
-11.7075;30;-39.5819
40.8638;30;5.82625
-22.3031;30;34.7328
-22.301;30;-34.7341
40.8641;30;-5.82379
-11.7099;30;39.5812
39.7466;32;0
-16.5404;32;36.1415
-25.9801;32;-30.0804
38.1635;32;-11.1058
-5.78314;32;39.3237
-33.3503;32;-21.623
33.5404;32;-21.327
5.43484;32;39.3733
-38.0637;32;-11.4432
26.2454;32;-29.8492
16.2199;32;36.2865
-39.7451;32;-0.35181
16.8597;32;-35.9937
25.7129;32;30.3091
-38.2603;32;10.7676
6.13098;32;-39.2709
33.1576;32;21.9174
-33.7278;32;21.0293
-5.08613;32;-39.4199
37.961;32;11.7797
-26.5085;32;29.6157
-15.8981;32;-36.4286
39.7404;32;0.703592
-17.1776;32;35.8431
-25.4436;32;-30.5355
38.3542;32;-10.4285
-6.47834;32;39.2151
-32.9623;32;-22.21
33.9126;32;-20.7299
4.73701;32;39.4633
-37.8552;32;-12.1152
26.7696;32;-29.3799
15.575;32;36.5679
-39.7326;32;-1.05532
17.4942;32;-35.6896
25.1723;32;30.7596
-38.445;32;10.0886
6.82519;32;-39.1562
32.7644;32;22.5009
-34.0948;32;20.4289
-4.38752;32;-39.5037
37.7465;32;12.4498
-27.0286;32;29.1418
-15.2507;32;-36.7044
39.7217;32;1.40696
-17.8094;32;35.5334
-24.8991;32;-30.9812
38.5327;32;-9.74794
-7.1715;32;39.0943
-32.5639;32;-22.79
34.2743;32;-20.1263
4.03769;32;39.541
-37.6348;32;-12.7834
27.2855;32;-28.9015
14.9252;32;36.8379
-39.7077;32;-1.7585
18.1232;32;-35.3743
24.6239;32;31.2003
-38.6175;32;9.40649
7.51726;32;-39.0293
32.361;32;23.0773
-34.4511;32;19.8222
-3.68754;32;-39.5752
37.5202;32;13.116
-27.5403;32;28.6588
-14.5986;32;-36.9686
39.6906;32;2.10989
-18.4356;32;35.2125
-24.3467;32;-31.4171
38.6993;32;-9.06431
-7.86242;32;38.9612
-32.1554;32;-23.3629
34.6252;32;-19.5165
3.33711;32;39.6063
-37.4026;32;-13.4476
27.7929;32;-28.4139
14.2708;32;37.0964
-39.6704;32;-2.46113
18.7466;32;-35.048
24.0677;32;31.6313
-38.778;32;8.72142
8.20697;32;-38.8901
31.9474;32;23.6466
-34.7966;32;19.2092
-2.98641;32;-39.6343
37.2821;32;13.7781
-28.0433;32;28.1668
-13.9419;32;-37.2212
39.647;32;2.81216
-19.0561;32;34.8807
-23.7868;32;-31.8431
38.8537;32;-8.37784
-8.55088;32;38.8159
-31.7368;32;-23.9284
34.9652;32;-18.9005
2.63547;32;39.6592
-37.1587;32;-14.1076
28.2915;32;-27.9175
13.6119;32;37.3432
-39.6206;32;-3.16298
19.3641;32;-34.7106
23.504;32;32.0524
-38.9263;32;8.0336
8.89412;32;-38.7387
31.5238;32;24.2084
-35.1312;32;18.5902
-2.28434;32;-39.6809
37.0324;32;14.436
-28.5375;32;27.666
-13.2808;32;-37.4622
39.591;32;3.51355
-19.6705;32;34.5379
-23.2194;32;-32.2592
38.9959;32;-7.68874
-9.23666;32;38.6585
-31.3083;32;-24.4865
35.2943;32;-18.2786
1.93302;32;39.6996
-36.9032;32;-14.7632
28.7813;32;-27.4123
12.9487;32;37.5783
-39.5584;32;-3.86385
19.9755;32;-34.3624
22.9329;32;32.4635
-39.0624;32;7.34328
9.57847;32;-38.5752
31.0903;32;24.7626
-35.4547;32;17.9654
-1.58155;32;-39.7152
36.771;32;15.0892
-29.0228;32;27.1565
-12.6156;32;-37.6914
39.5226;32;4.21384
-20.2789;32;34.1843
-22.6447;32;-32.6652
39.1259;32;-6.99723
-9.91954;32;38.4889
-30.8699;32;-25.0369
35.6124;32;-17.6509
1.22996;32;39.7276
-36.636;32;-15.4141
29.262;32;-26.8985
12.2815;32;37.8016
-39.4838;32;-4.5635
20.5806;32;-34.0034
22.3547;32;32.8643
-39.1863;32;6.65064
10.2598;32;-38.3996
30.6471;32;25.3091
-35.7672;32;17.335
-0.878266;32;-39.7369
36.4982;32;15.7378
-29.4989;32;26.6385
-11.9464;32;-37.9088
39.4418;32;4.9128
-20.8808;32;33.8199
-22.0629;32;-33.0609
39.2436;32;-6.30353
-10.5993;32;38.3073
-30.4219;32;-25.5794
35.9192;32;-17.0177
0.526508;32;39.7431
-36.3574;32;-16.0602
29.7336;32;-26.3763
11.6104;32;38.0131
-39.3968;32;-5.26172
21.1793;32;-33.6338
21.7694;32;33.2549
-39.2979;32;5.95593
10.938;32;-38.212
30.1943;32;25.8477
-36.0685;32;16.6991
-0.174708;32;-39.7463
36.2139;32;16.3814
-29.9659;32;26.1121
-11.2735;32;-38.1144
39.3487;32;5.61023
-21.4762;32;33.445
-21.4742;32;-33.4463
39.349;32;-5.60786
-11.2758;32;38.1137
38.0499;34;0
-15.8343;34;34.5987
-24.8711;34;-28.7963
36.5344;34;-10.6317
-5.53626;34;37.645
-31.9266;34;-20.6999
32.1086;34;-20.4165
5.20284;34;37.6925
-36.4388;34;-10.9547
25.125;34;-28.575
15.5275;34;34.7375
-38.0484;34;-0.336791
16.14;34;-34.4572
24.6152;34;29.0153
-36.6271;34;10.3079
5.86925;34;-37.5945
31.7421;34;20.9817
-32.288;34;20.1315
-4.86901;34;-37.7371
36.3405;34;11.2768
-25.3769;34;28.3515
-15.2194;34;-34.8736
38.0439;34;0.673557
-16.4443;34;34.313
-24.3574;34;-29.232
36.7169;34;-9.98334
-6.20178;34;37.5411
-31.5552;34;-21.2619
32.4649;34;-19.845
4.53479;34;37.7787
-36.2392;34;-11.598
25.6269;34;-28.1258
14.9101;34;35.0069
-38.0365;34;-1.01027
16.7474;34;-34.1661
24.0977;34;29.4465
-36.8038;34;9.65795
6.53383;34;-37.4847
31.3657;34;21.5403
-32.6393;34;19.5568
-4.20022;34;-37.8174
36.1351;34;11.9183
-25.8748;34;27.8978
-14.5997;34;-35.1375
38.0261;34;1.3469
-17.0492;34;34.0165
-23.8361;34;-29.6586
36.8878;34;-9.33181
-6.86536;34;37.4254
-31.1738;34;-21.8171
32.8111;34;-19.2672
3.86533;34;37.8531
-36.0282;34;-12.2377
26.1207;34;-27.6677
14.2881;34;35.2654
-38.0126;34;-1.68343
17.3496;34;-33.8642
23.5727;34;29.8684
-36.969;34;9.00494
7.19636;34;-37.3632
30.9795;34;22.0922
-32.9804;34;18.976
-3.53013;34;-37.8858
35.9185;34;12.5561
-26.3646;34;27.4354
-13.9754;34;-35.3904
37.9963;34;2.01983
-17.6486;34;33.7094
-23.3074;34;-30.0759
37.0472;34;-8.67737
-7.52679;34;37.298
-30.7827;34;-22.3655
33.1471;34;-18.6833
3.19465;34;37.9156
-35.806;34;-12.8736
26.6064;34;-27.201
13.6616;34;35.5128
-37.9769;34;-2.35606
17.9463;34;-33.5518
23.0403;34;30.281
-37.1226;34;8.34911
7.85663;34;-37.2299
30.5836;34;22.6371
-33.3111;34;18.3892
-2.85892;34;-37.9423
35.6906;34;13.19
-26.8461;34;26.9644
-13.3467;34;-35.6323
37.9545;34;2.69212
-18.2426;34;33.3917
-22.7713;34;-30.4838
37.195;34;-8.0202
-8.18585;34;37.1589
-30.382;34;-22.9069
33.4726;34;-18.0936
2.52297;34;37.9662
-35.5725;34;-13.5054
27.0838;34;-26.7257
13.0308;34;35.749
-37.9292;34;-3.02796
18.5374;34;-33.2289
22.5006;34;30.6841
-37.2646;34;7.69066
8.51444;34;-37.085
30.1781;34;23.175
-33.6315;34;17.7966
-2.18682;34;-37.987
35.4515;34;13.8197
-27.3193;34;26.485
-12.7139;34;-35.863
37.9009;34;3.36356
-18.8308;34;33.0635
-22.2282;34;-30.8821
37.3312;34;-7.36052
-8.84236;34;37.0082
-29.9718;34;-23.4412
33.7877;34;-17.4983
1.8505;34;38.0049
-35.3278;34;-14.133
27.5526;34;-26.2421
12.3959;34;35.9741
-37.8697;34;-3.6989
19.1228;34;-32.8955
21.9539;34;31.0776
-37.3949;34;7.0298
9.16958;34;-36.9285
29.7631;34;23.7056
-33.9412;34;17.1985
-1.51403;34;-38.0198
35.2013;34;14.4451
-27.7838;34;25.9972
-12.077;34;-36.0824
37.8355;34;4.03395
-19.4132;34;32.725
-21.678;34;-31.2707
37.4556;34;-6.69853
-9.49609;34;36.8459
-29.5521;34;-23.9681
34.0921;34;-16.8974
1.17745;34;38.0317
-35.0721;34;-14.7561
28.0128;34;-25.7503
11.7572;34;36.1879
-37.7983;34;-4.36869
19.7021;34;-32.5519
21.4004;34;31.4614
-37.5135;34;6.36674
9.82185;34;-36.7604
29.3388;34;24.2287
-34.2403;34;16.595
-0.840774;34;-38.0406
34.9401;34;15.066
-28.2397;34;25.5013
-11.4364;34;-36.2905
37.7581;34;4.70308
-19.9894;34;32.3762
-21.1211;34;-31.6496
37.5683;34;-6.03444
-10.1468;34;36.672
-29.1232;34;-24.4874
34.3859;34;-16.2913
0.504032;34;38.0466
-34.8054;34;-15.3746
28.4643;34;-25.2503
11.1148;34;36.3903
-37.715;34;-5.03711
20.2752;34;-32.198
20.8401;34;31.8353
-37.6203;34;5.70168
10.471;34;-36.5808
28.9053;34;24.7443
-34.5287;34;15.9863
-0.16725;34;-38.0495
34.6679;34;15.6821
-28.6867;34;24.9974
-10.7922;34;-36.4873
37.669;34;5.37074
-20.5594;34;32.0173
-20.5575;34;-32.0185
37.6693;34;-5.36847
-10.7944;34;36.4866
36.1634;36;0
-15.0493;36;32.8833
-23.638;36;-27.3686
34.7231;36;-10.1046
-5.26178;36;35.7786
-30.3437;36;-19.6737
30.5167;36;-19.4043
4.94489;36;35.8238
-34.6323;36;-10.4116
23.8793;36;-27.1583
14.7577;36;33.0152
-36.162;36;-0.320094
15.3398;36;-32.7488
23.3948;36;27.5767
-34.8111;36;9.79689
5.57826;36;-35.7306
30.1684;36;19.9415
-30.6872;36;19.1335
-4.62761;36;-35.8661
34.5388;36;10.7177
-24.1188;36;26.9459
-14.4648;36;-33.1446
36.1578;36;0.640163
-15.629;36;32.6118
-23.1498;36;-27.7827
34.8965;36;-9.48838
-5.89431;36;35.6799
-29.9907;36;-20.2077
30.8554;36;-18.8611
4.30996;36;35.9057
-34.4425;36;-11.023
24.3563;36;-26.7313
14.1709;36;33.2713
-36.1507;36;-0.960181
15.9171;36;-32.4722
22.903;36;27.9866
-34.9791;36;9.17913
6.20989;36;-35.6263
29.8107;36;20.4724
-31.0211;36;18.5872
-3.99198;36;-35.9424
34.3436;36;11.3274
-24.592;36;26.5147
-13.8759;36;-33.3954
36.1408;36;1.28012
-16.2039;36;32.33
-22.6544;36;-28.1882
35.059;36;-8.86916
-6.52499;36;35.5699
-29.6283;36;-20.7355
31.1844;36;-18.3119
3.67369;36;35.9764
-34.242;36;-11.631
24.8257;36;-26.296
13.5797;36;33.517
-36.128;36;-1.59997
16.4894;36;-32.1853
22.404;36;28.3876
-35.1361;36;8.55849
6.83957;36;-35.5108
29.4436;36;20.9969
-31.3453;36;18.0352
-3.35511;36;-36.0075
34.1377;36;11.9336
-25.0575;36;26.0752
-13.2825;36;-33.6358
36.1125;36;1.91969
-16.7737;36;32.0381
-22.1519;36;-28.5848
35.2105;36;-8.24716
-7.15362;36;35.4488
-29.2566;36;-21.2567
31.5037;36;-17.757
3.03626;36;36.0358
-34.0308;36;-12.2353
25.2873;36;-25.8524
12.9843;36;33.7521
-36.0941;36;-2.23925
17.0566;36;-31.8884
21.898;36;28.7797
-35.2821;36;7.93517
7.46711;36;-35.3841
29.0673;36;21.5148
-31.6596;36;17.4775
-2.71718;36;-36.0612
33.9211;36;12.536
-25.5152;36;25.6276
-12.685;36;-33.8657
36.0728;36;2.55864
-17.3382;36;31.7362
-21.6424;36;-28.9724
35.351;36;-7.62257
-7.78001;36;35.3167
-28.8757;36;-21.7713
31.8131;36;-17.1966
2.39788;36;36.0839
-33.8088;36;-12.8358
25.741;36;-25.4007
12.3848;36;33.9766
-36.0488;36;-2.87784
17.6184;36;-31.5814
21.3851;36;29.1629
-35.4171;36;7.30937
8.09231;36;-35.2464
28.6819;36;22.026
-31.9641;36;16.9143
-2.0784;36;-36.1037
33.6939;36;13.1345
-25.9648;36;25.1719
-12.0835;36;-34.0849
36.0219;36;3.1968
-17.8972;36;31.4243
-21.1261;36;-29.351
35.4804;36;-6.9956
-8.40397;36;35.1734
-28.4858;36;-22.279
32.1125;36;-16.6307
1.75876;36;36.1207
-33.5763;36;-13.4323
26.1866;36;-24.9411
11.7814;36;34.1906
-35.9922;36;-3.51552
18.1747;36;-31.2646
20.8655;36;29.5369
-35.5409;36;6.68127
8.71497;36;-35.0976
28.2875;36;22.5303
-32.2585;36;16.3458
-1.43897;36;-36.1348
33.4561;36;13.7289
-26.4063;36;24.7083
-11.4783;36;-34.2935
35.9596;36;3.83396
-18.4507;36;31.1025
-20.6032;36;-29.7204
35.5986;36;-6.36643
-9.02529;36;35.0191
-28.087;36;-22.7798
32.4019;36;-16.0597
1.11907;36;36.1461
-33.3333;36;-14.0245
26.624;36;-24.4736
11.1743;36;34.3938
-35.9243;36;-4.1521
18.7253;36;-30.938
20.3394;36;29.9016
-35.6536;36;6.05108
9.3349;36;-34.9379
27.8842;36;23.0275
-32.5428;36;15.7722
-0.79909;36;-36.1546
33.2078;36;14.319
-26.8396;36;24.237
-10.8694;36;-34.4913
35.8861;36;4.46991
-18.9984;36;30.771
-20.0739;36;-30.0804
35.7058;36;-5.73527
-9.64378;36;34.8539
-27.6793;36;-23.2734
32.6811;36;-15.4836
0.479043;36;36.1603
-33.0798;36;-14.6124
27.0531;36;-23.9985
10.5637;36;34.5862
-35.8452;36;-4.78738
19.27;36;-30.6017
19.8069;36;30.257
-35.7551;36;5.419
9.9519;36;-34.7671
27.4722;36;23.5175
-32.8169;36;15.1937
-0.158958;36;-36.1631
32.9492;36;14.9046
-27.2644;36;23.7581
-10.2572;36;-34.6783
35.8014;36;5.10447
-19.5401;36;30.4299
-19.5383;36;-30.4311
35.8017;36;-5.10231
-10.2592;36;34.6777
34.0558;38;0
-14.1722;38;30.9668
-22.2603;38;-25.7735
32.6993;38;-9.51571
-4.95511;38;33.6934
-28.5752;38;-18.5271
28.7381;38;-18.2734
4.65669;38;33.7359
-32.6138;38;-9.80477
22.4876;38;-25.5754
13.8975;38;31.091
-34.0544;38;-0.301438
14.4457;38;-30.8402
22.0313;38;25.9695
-32.7823;38;9.2259
5.25315;38;-33.6482
28.4101;38;18.7793
-28.8987;38;18.0183
-4.3579;38;-33.7758
32.5258;38;10.0931
-22.7131;38;25.3754
-13.6218;38;-31.2128
34.0504;38;0.602853
-14.7182;38;30.7111
-21.8006;38;-26.1635
32.8627;38;-8.93538
-5.55078;38;33.6004
-28.2428;38;-19.03
29.0571;38;-17.7618
4.05877;38;33.813
-32.4352;38;-10.3806
22.9368;38;-25.1734
13.345;38;31.3322
-34.0438;38;-0.90422
14.9894;38;-30.5796
21.5682;38;26.3554
-32.9405;38;8.64415
5.84797;38;-33.5499
28.0732;38;19.2792
-29.2131;38;17.5039
-3.75932;38;-33.8476
32.342;38;10.6672
-23.1587;38;24.9694
-13.0671;38;-31.4491
34.0344;38;1.20552
-15.2595;38;30.4457
-21.334;38;-26.5453
33.0157;38;-8.35224
-6.1447;38;33.4968
-27.9015;38;-19.527
29.3669;38;-17.2447
3.45958;38;33.8796
-32.2463;38;-10.9531
23.3788;38;-24.7634
12.7883;38;31.5635
-34.0224;38;-1.50672
15.5284;38;-30.3095
21.0982;38;26.7331
-33.0883;38;8.05968
6.44095;38;-33.4411
27.7276;38;19.7732
-29.5184;38;16.9841
-3.15956;38;-33.9089
32.1481;38;11.2381
-23.5971;38;24.5555
-12.5084;38;-31.6755
34.0077;38;1.8078
-15.796;38;30.1708
-20.8608;38;-26.9188
33.1584;38;-7.76649
-6.73669;38;33.3828
-27.5515;38;-20.0178
29.6676;38;-16.7221
2.8593;38;33.9355
-32.0474;38;-11.5222
23.8135;38;-24.3457
12.2275;38;31.7849
-33.9904;38;-2.10874
16.0625;38;-30.0298
20.6217;38;27.1024
-33.2258;38;7.47269
7.03191;38;-33.3219
27.3732;38;20.2609
-29.8144;38;16.4589
-2.55882;38;-33.9595
31.9441;38;11.8054
-24.0281;38;24.1339
-11.9457;38;-31.8919
33.9704;38;2.40952
-16.3277;38;29.8865
-20.381;38;-27.2839
33.2906;38;-7.17831
-7.32658;38;33.2583
-27.1928;38;-20.5024
29.959;38;-16.1943
2.25813;38;33.9808
-31.8384;38;-12.0877
24.2408;38;-23.9203
11.663;38;31.9964
-33.9478;38;-2.71011
16.5915;38;-29.7408
20.1387;38;27.4632
-33.3529;38;6.88336
7.62067;38;-33.1922
27.0102;38;20.7423
-30.1011;38;15.9285
-1.95727;38;-33.9995
31.7301;38;12.369
-24.4515;38;23.7048
-11.3793;38;-32.0984
33.9224;38;3.01049
-16.8541;38;29.5928
-19.8948;38;-27.6404
33.4125;38;-6.58788
-7.91417;38;33.1234
-26.8256;38;-20.9805
30.2409;38;-15.6615
1.65625;38;34.0155
-31.6194;38;-12.6494
24.6604;38;-23.4874
11.0947;38;32.1979
-33.8945;38;-3.31063
17.1154;38;-29.4424
19.6494;38;27.8154
-33.4695;38;6.29187
8.20704;38;-33.0521
26.6388;38;21.2172
-30.3784;38;15.3932
-1.3551;38;-34.0288
31.5062;38;12.9288
-24.8673;38;23.2682
-10.8093;38;-32.2948
33.8638;38;3.61051
-17.3754;38;29.2898
-19.4024;38;-27.9882
33.5239;38;-5.99538
-8.49927;38;32.9781
-26.45;38;-21.4521
30.5134;38;-15.1237
1.05385;38;34.0395
-31.3905;38;-13.2071
25.0723;38;-23.0472
10.523;38;32.3892
-33.8306;38;-3.9101
17.6339;38;-29.1349
19.1539;38;28.1589
-33.5756;38;5.69841
8.79084;38;-32.9016
26.2591;38;21.6854
-30.6461;38;14.853
-0.752517;38;-34.0474
31.2724;38;13.4845
-25.2753;38;22.8244
-10.2359;38;-32.4811
33.7946;38;4.2094
-17.8911;38;28.9776
-18.904;38;-28.3273
33.6248;38;-5.401
-9.08172;38;32.8225
-26.0661;38;-21.917
30.7764;38;-14.5812
0.451123;38;34.0528
-31.1518;38;-13.7607
25.4764;38;-22.5998
9.94803;38;32.5704
-33.756;38;-4.50836
18.1469;38;-28.8181
18.6525;38;28.4935
-33.6712;38;5.10317
9.37188;38;-32.7408
25.8711;38;22.1468
-30.9042;38;14.3082
-0.149694;38;-34.0554
31.0288;38;14.0359
-25.6754;38;22.3734
-9.65935;38;-32.6572
33.7148;38;4.80697
-18.4013;38;28.6564
-18.3995;38;-28.6575
33.7151;38;-4.80493
-9.66132;38;32.6566
31.6827;40;0
-13.1847;40;28.809
-20.7092;40;-23.9776
30.4208;40;-8.85264
-4.60984;40;31.3456
-26.5841;40;-17.2361
26.7356;40;-17.0001
4.33221;40;31.3851
-30.3413;40;-9.12156
20.9206;40;-23.7933
12.9292;40;28.9246
-31.6815;40;-0.280434
13.4391;40;-28.6912
20.4962;40;24.1599
-30.498;40;8.58303
4.88711;40;-31.3035
26.4305;40;17.4707
-26.885;40;16.7628
-4.05424;40;-31.4223
30.2593;40;9.38976
-21.1304;40;23.6072
-12.6726;40;-29.0379
31.6778;40;0.560845
-13.6926;40;28.5711
-20.2815;40;-24.3404
30.5728;40;-8.31275
-5.16399;40;31.259
-26.2748;40;-17.704
27.0323;40;-16.5242
3.77595;40;31.4569
-30.175;40;-9.65723
21.3385;40;-23.4193
12.4151;40;29.1489
-31.6716;40;-0.841213
13.9449;40;-28.4488
20.0653;40;24.519
-30.6451;40;8.04181
5.44047;40;-31.2121
26.1171;40;17.9358
-27.1775;40;16.2842
-3.49737;40;-31.4891
30.0884;40;9.92394
-21.545;40;23.2295
-12.1566;40;-29.2577
31.6629;40;1.12151
-14.1962;40;28.3242
-19.8475;40;-24.6956
30.7151;40;-7.77025
-5.71653;40;31.1627
-25.9573;40;-18.1663
27.3206;40;-16.043
3.21851;40;31.5188
-29.9994;40;-10.1899
21.7498;40;-23.0379
11.8972;40;29.3641
-31.6517;40;-1.40173
14.4463;40;-28.1975
19.6281;40;24.8703
-30.7827;40;7.49808
5.99214;40;-31.1109
25.7955;40;18.3953
-27.4615;40;15.8006
-2.9394;40;-31.5461
29.908;40;10.455
-21.9528;40;22.8444
-11.6368;40;-29.4683
31.6381;40;1.68183
-14.6954;40;28.0685
-19.4072;40;-25.0431
30.8478;40;-7.22532
-6.26727;40;31.0567
-25.6316;40;-18.6229
27.6003;40;-15.5569
2.66006;40;31.5709
-29.8143;40;-10.7193
22.1542;40;-22.6492
11.3755;40;29.5701
-31.6219;40;-1.9618
14.9432;40;-27.9373
19.1848;40;25.2139
-30.9106;40;6.95199
6.54192;40;-31
25.4658;40;18.8491
-27.7369;40;15.312
-2.38052;40;-31.5932
29.7182;40;10.9828
-22.3538;40;22.4523
-11.1133;40;-29.6697
31.6033;40;2.24162
-15.1899;40;27.804
-18.9608;40;-25.3827
30.9709;40;-6.67812
-6.81605;40;30.9409
-25.298;40;-19.0738
27.8714;40;-15.0659
2.10078;40;31.613
-29.6199;40;-11.2454
22.5516;40;-22.2535
10.8503;40;29.7669
-31.5822;40;-2.52127
15.4354;40;-27.6684
18.7354;40;25.5495
-31.0288;40;6.40372
7.08965;40;-30.8793
25.1281;40;19.2969
-28.0036;40;14.8186
-1.82088;40;-31.6304
29.5192;40;11.5071
-22.7477;40;22.053
-10.5864;40;-29.8617
31.5587;40;2.80071
-15.6797;40;27.5307
-18.5086;40;-25.7144
31.0843;40;-6.12883
-7.3627;40;30.8153
-24.9564;40;-19.5186
28.1337;40;-14.5701
1.54084;40;31.6452
-29.4161;40;-11.768
22.942;40;-21.8508
10.3216;40;29.9543
-31.5327;40;-3.07994
15.9228;40;-27.3909
18.2802;40;25.8772
-31.1373;40;5.85345
7.63517;40;-30.749
24.7826;40;19.7387
-28.2616;40;14.3206
-1.26068;40;-31.6576
29.3108;40;12.0279
-23.1345;40;21.6469
-10.0561;40;-30.0445
31.5042;40;3.35892
-16.1646;40;27.2489
-18.0505;40;-26.038
31.1879;40;-5.57761
-7.90703;40;30.6802
-24.6069;40;-19.9573
28.3872;40;-14.0698
0.980419;40;31.6675
-29.2032;40;-12.2869
23.3252;40;-21.4413
9.78977;40;30.1323
-31.4732;40;-3.63764
16.4052;40;-27.1047
17.8193;40;26.1967
-31.236;40;5.30134
8.17828;40;-30.609
24.4293;40;20.1743
-28.5106;40;13.818
-0.700081;40;-31.675
29.0933;40;12.5449
-23.5141;40;21.234
-9.52268;40;-30.2178
31.4398;40;3.91608
-16.6444;40;26.9584
-17.5867;40;-26.3534
31.2817;40;-5.02465
-8.44889;40;30.5354
-24.2498;40;-20.3898
28.6318;40;-13.5651
0.419689;40;31.6799
-28.9811;40;-12.8019
23.7011;40;-21.025
9.25484;40;30.3009
-31.4039;40;-4.19421
16.8824;40;-26.8101
17.3528;40;26.5081
-31.325;40;4.74757
8.71884;40;-30.4594
24.0684;40;20.6036
-28.7508;40;13.3112
-0.139263;40;-31.6824
28.8667;40;13.0579
-23.8863;40;20.8144
-8.98627;40;-30.3816
31.3655;40;4.47201
-17.1191;40;26.6596
-17.1174;40;-26.6606
31.3658;40;-4.47012
-8.98811;40;30.3811
28.9792;42;0
-12.0596;42;26.3507
-18.9421;42;-21.9315
27.825;42;-8.09724
-4.21648;42;28.6708
-24.3156;42;-15.7653
24.4542;42;-15.5495
3.96254;42;28.707
-27.7522;42;-8.34321
19.1355;42;-21.763
11.8259;42;26.4564
-28.9781;42;-0.256504
12.2924;42;-26.243
18.7472;42;22.0983
-27.8956;42;7.85064
4.47009;42;-28.6324
24.1751;42;15.9799
-24.5909;42;15.3324
-3.70829;42;-28.741
27.6773;42;8.58853
-19.3273;42;21.5928
-11.5913;42;-26.5601
28.9747;42;0.512988
-12.5242;42;26.1331
-18.5509;42;-22.2634
27.964;42;-7.60342
-4.72334;42;28.5917
-24.0327;42;-16.1933
24.7256;42;-15.1141
3.45375;42;28.7727
-27.6002;42;-8.83317
19.5177;42;-21.4209
11.3557;42;26.6616
-28.969;42;-0.769432
12.755;42;-26.0212
18.3531;42;22.4267
-28.0302;42;7.3556
4.97623;42;-28.5488
23.8885;42;16.4054
-24.8585;42;14.8947
-3.19894;42;-28.8021
27.5209;42;9.07712
-19.7065;42;21.2473
-11.1193;42;-26.7611
28.9611;42;1.02582
-12.9848;42;25.9073
-18.1539;42;-22.5883
28.0942;42;-7.10721
-5.22873;42;28.5036
-23.7423;42;-16.6162
24.9893;42;-14.6741
2.94387;42;28.8293
-27.4395;42;-9.32036
19.8938;42;-21.072
10.882;42;26.8585
-28.9508;42;-1.28212
13.2136;42;-25.7914
17.9532;42;22.7481
-28.156;42;6.85826
5.48082;42;-28.4562
23.5943;42;16.8257
-25.1182;42;14.4523
-2.68858;42;-28.8542
27.3559;42;9.56288
-20.0796;42;20.8951
-10.6438;42;-26.9537
28.9384;42;1.53832
-13.4414;42;25.6734
-17.7512;42;-22.9061
28.2156;42;-6.60878
-5.73248;42;28.4066
-23.4445;42;-17.0338
25.2452;42;-14.2294
2.43308;42;28.8769
-27.2702;42;-9.80464
20.2637;42;-20.7166
10.4048;42;27.0469
-28.9236;42;-1.7944
13.6681;42;-25.5534
17.5477;42;23.0624
-28.273;42;6.35877
5.98369;42;-28.3547
23.2928;42;17.2407
-25.3701;42;14.0054
-2.17739;42;-28.8973
27.1824;42;10.0456
-20.4463;42;20.5364
-10.165;42;-27.1379
28.9066;42;2.05034
-13.8938;42;25.4314
-17.3429;42;-23.2168
28.3281;42;-6.10827
-6.23444;42;28.3006
-23.1393;42;-17.4462
25.4931;42;-13.7803
1.92152;42;28.9154
-27.0924;42;-10.2858
20.6273;42;-20.3546
9.92441;42;27.2268
-28.8873;42;-2.30613
14.1183;42;-25.3075
17.1367;42;23.3694
-28.3811;42;5.85729
6.48469;42;-28.2444
22.9839;42;17.6503
-25.6141;42;13.5541
-1.66551;42;-28.9313
27.0003;42;10.5252
-20.8066;42;20.1712
-9.68303;42;-27.3136
28.8658;42;2.56173
-14.3418;42;25.1815
-16.9292;42;-23.5201
28.4318;42;-5.60585
-6.73443;42;28.1859
-22.8268;42;-17.8531
25.733;42;-13.3269
1.40936;42;28.9449
-26.906;42;-10.7638
20.9844;42;-19.9863
9.44089;42;27.3983
-28.842;42;-2.81712
14.5641;42;-25.0536
16.7204;42;23.6691
-28.4803;42;5.35397
6.98365;42;-28.1251
22.6679;42;18.0544
-25.85;42;13.0986
-1.15311;42;-28.9563
26.8097;42;11.0015
-21.1605;42;19.7998
-9.19801;42;-27.4807
28.8159;42;3.0723
-14.7853;42;24.9237
-16.5102;42;-23.8161
28.5266;42;-5.10167
-7.23232;42;28.0622
-22.5072;42;-18.2543
25.9649;42;-12.8693
0.896759;42;28.9653
-26.7113;42;-11.2384
21.3349;42;-19.6117
8.95441;42;27.5611
-28.7876;42;-3.32724
15.0053;42;-24.7918
16.2987;42;23.9613
-28.5707;42;4.84898
7.48043;42;-27.9971
22.3447;42;18.4528
-26.0778;42;12.6389
-0.640343;42;-28.9721
26.6108;42;11.4744
-21.5076;42;19.4221
-8.7101;42;-27.6393
28.757;42;3.58192
-15.2242;42;24.6581
-16.086;42;-24.1047
28.6125;42;-4.5959
-7.72794;42;27.9298
-22.1805;42;-18.6499
26.1887;42;-12.4076
0.383876;42;28.9767
-26.5082;42;-11.7095
21.6787;42;-19.2309
8.46512;42;27.7153
-28.7242;42;-3.83632
15.4418;42;-24.5223
15.872;42;24.2461
-28.652;42;4.34246
7.97486;42;-27.8603
22.0146;42;18.8455
-26.2975;42;12.1753
-0.12738;42;-28.9789
26.4035;42;11.9437
-21.8481;42;19.0383
-8.21947;42;-27.7891
28.6891;42;4.09041
-15.6583;42;24.3847
-15.6568;42;-24.3856
28.6893;42;-4.08868
-8.22115;42;27.7886
25.8417;44;0
-10.754;44;23.4978
-16.8913;44;-19.5571
24.8125;44;-7.22058
-3.75997;44;25.5667
-21.6831;44;-14.0584
21.8066;44;-13.866
3.53353;44;25.599
-24.7476;44;-7.43992
17.0637;44;-19.4068
10.5455;44;23.5921
-25.8407;44;-0.228733
10.9615;44;-23.4017
16.7175;44;19.7058
-24.8754;44;7.00067
3.98612;44;-25.5324
21.5578;44;14.2498
-21.9285;44;13.6724
-3.3068;44;-25.6293
24.6808;44;7.65868
-17.2348;44;19.255
-10.3363;44;-23.6845
25.8377;44;0.457448
-11.1682;44;23.3038
-16.5424;44;-19.853
24.9364;44;-6.78022
-4.21196;44;25.4962
-21.4308;44;-14.4401
22.0487;44;-13.4778
3.07982;44;25.6575
-24.612;44;-7.87683
17.4046;44;-19.1017
10.1263;44;23.7751
-25.8326;44;-0.686128
11.3741;44;-23.204
16.3661;44;19.9987
-24.9954;44;6.55923
4.43747;44;-25.4579
21.3021;44;14.6292
-22.1671;44;13.2821
-2.8526;44;-25.6838
24.5413;44;8.09437
-17.573;44;18.9469
-9.91543;44;-23.8638
25.8255;44;0.914753
-11.579;44;23.1024
-16.1884;44;-20.1427
25.0525;44;-6.33774
-4.66263;44;25.4176
-21.1718;44;-14.8172
22.2838;44;-13.0854
2.62515;44;25.708
-24.4687;44;-8.31128
17.74;44;-18.7906
9.70382;44;23.9506
-25.8164;44;-1.14331
11.783;44;-22.999
16.0095;44;20.2852
-25.1076;44;6.11574
4.88743;44;-25.3753
21.0398;44;15.004
-22.3988;44;12.8876
-2.3975;44;-25.7303
24.3942;44;8.52753
-17.9056;44;18.6329
-9.49144;44;-24.0355
25.8053;44;1.37177
-11.9861;44;22.8938
-15.8293;44;-20.4262
25.1608;44;-5.89326
-5.11184;44;25.3311
-20.9062;44;-15.1896
22.512;44;-12.6888
2.16966;44;25.7505
-24.3177;44;-8.74312
18.0698;44;-18.4736
9.27833;44;24.1186
-25.7921;44;-1.60013
12.1883;44;-22.7868
15.6479;44;20.5655
-25.2119;44;5.67033
5.33586;44;-25.2848
20.7709;44;15.3741
-22.6234;44;12.4891
-1.94165;44;-25.7687
24.2394;44;8.95802
-18.2327;44;18.313
-9.06448;44;-24.1998
25.777;44;1.82836
-12.3895;44;22.6781
-15.4652;44;-20.7032
25.2612;44;-5.44695
-5.55945;44;25.2366
-20.6341;44;-15.5573
22.733;44;-12.2884
1.71348;44;25.7849
-24.1592;44;-9.17222
18.394;44;-18.1509
8.84993;44;24.2791
-25.7598;44;-2.05645
12.5898;44;-22.5675
15.2814;44;20.8392
-25.3084;44;5.22314
5.78261;44;-25.1864
20.4955;44;15.7394
-22.8409;44;12.0867
-1.48519;44;-25.799
24.077;44;9.3857
-18.554;44;17.9874
-8.63468;44;-24.3565
25.7406;44;2.28438
-12.789;44;22.4552
-15.0963;44;-20.9737
25.3536;44;-4.99892
-6.00532;44;25.1343
-20.3554;44;-15.9202
22.947;44;-11.884
1.25677;44;25.8111
-23.993;44;-9.59845
18.7125;44;-17.8224
8.41875;44;24.4319
-25.7193;44;-2.51212
12.9873;44;-22.3411
14.9101;44;21.1065
-25.3969;44;4.77431
6.22755;44;-25.0801
20.2137;44;16.0997
-23.0513;44;11.6804
-1.02826;44;-25.8213
23.9071;44;9.81044
-18.8695;44;17.6561
-8.20217;44;-24.5055
25.6961;44;2.73968
-13.1845;44;22.2253
-14.7227;44;-21.2376
25.4381;44;-4.54933
-6.4493;44;25.024
-20.0704;44;-16.278
23.1538;44;-11.4759
0.79967;44;25.8294
-23.8193;44;-10.0217
19.025;44;-17.4884
7.98494;44;24.5771
-25.6708;44;-2.96701
13.3807;44;-22.1077
14.5341;44;21.3671
-25.4774;44;4.32399
6.67055;44;-24.966
19.9256;44;16.455
-23.2545;44;11.2705
-0.571015;44;-25.8354
23.7297;44;10.2321
-19.1791;44;17.3193
-7.76709;44;-24.6469
25.6436;44;3.19412
-13.5759;44;21.9884
-14.3444;44;-21.4949
25.5147;44;-4.09831
-6.89126;44;24.9059
-19.7791;44;-16.6307
23.3533;44;-11.0643
0.342315;44;25.8395
-23.6382;44;-10.4417
19.3316;44;-17.1489
7.54863;44;24.7146
-25.6143;44;-3.42097
13.77;44;-21.8674
14.1536;44;21.6211
-25.55;44;3.87232
7.11144;44;-24.844
19.6311;44;16.8052
-23.4503;44;10.8571
-0.113589;44;-25.8415
23.5449;44;10.6506
-19.4826;44;16.9771
-7.32957;44;-24.7805
25.583;44;3.64756
-13.963;44;21.7446
-13.9617;44;-21.7455
25.5832;44;-3.64601
-7.33107;44;24.78
22.0861;46;0
-9.19105;46;20.0828
-14.4364;46;-16.7148
21.2064;46;-6.17119
-3.21353;46;21.851
-18.5318;46;-12.0153
18.6374;46;-11.8508
3.01999;46;21.8786
-21.1509;46;-6.35866
14.5838;46;-16.5864
9.01293;46;20.1634
-22.0852;46;-0.195491
9.36845;46;-20.0007
14.2879;46;16.8419
-21.2602;46;5.98325
3.40681;46;-21.8217
18.4247;46;12.1789
-18.7416;46;11.6854
-2.82622;46;-21.9045
21.0938;46;6.54562
-14.73;46;16.4566
-8.83411;46;-20.2424
22.0826;46;0.390966
-9.54512;46;19.917
-14.1383;46;-16.9677
21.3123;46;-5.79483
-3.59983;46;21.7907
-18.3162;46;-12.3415
18.8443;46;-11.519
2.63222;46;21.9287
-21.0351;46;-6.73207
14.8751;46;-16.3256
8.65459;46;20.3198
-22.0783;46;-0.586411
9.72103;46;-19.8317
13.9875;46;17.0922
-21.3628;46;5.60596
3.79256;46;-21.758
18.2062;46;12.5031
-18.9455;46;11.3518
-2.43802;46;-21.9511
20.9747;46;6.918
-15.0191;46;16.1933
-8.47439;46;-20.3956
22.0722;46;0.78181
-9.89619;46;19.7449
-13.8357;46;-17.2154
21.4116;46;-5.41666
-3.985;46;21.7236
-18.0949;46;-12.6638
19.0452;46;-11.1836
2.24363;46;21.9718
-20.9126;46;-7.10338
15.1618;46;-16.0597
8.29354;46;20.4698
-22.0645;46;-0.977147
10.0706;46;-19.6565
13.6828;46;17.3371
-21.4587;46;5.22692
4.17713;46;-21.6875
17.9821;46;12.8234
-19.1435;46;11.0146
-2.04906;46;-21.9908
20.8489;46;7.2882
-15.3034;46;15.9249
-8.11203;46;-20.5424
22.0549;46;1.17241
-10.2442;46;19.5666
-13.5288;46;-17.4576
21.5041;46;-5.03678
-4.36893;46;21.6497
-17.8679;46;-12.9821
19.2402;46;-10.8447
1.85433;46;22.0081
-20.7836;46;-7.47246
15.4437;46;-15.7888
7.92988;46;20.6134
-22.0437;46;-1.36758
10.417;46;-19.4752
13.3737;46;17.5766
-21.5478;46;4.84624
4.56038;46;-21.6101
17.7522;46;13.1397
-19.3355;46;10.674
-1.65946;46;-22.0236
20.7166;46;7.65613
-15.5829;46;15.6515
-7.74711;46;-20.6828
22.0307;46;1.56264
-10.5889;46;19.3822
-13.2176;46;-17.6943
21.5899;46;-4.65533
-4.75148;46;21.5689
-17.6353;46;-13.2963
19.4292;46;-10.5025
1.46446;46;22.0375
-20.648;46;-7.8392
15.7208;46;-15.513
7.56374;46;20.7505
-22.016;46;-1.75758
10.7601;46;-19.2877
13.0605;46;17.8106
-21.6302;46;4.46405
4.94221;46;-21.526
17.5169;46;13.4519
-19.5214;46;10.3301
-1.26934;46;-22.0496
20.5779;46;8.02165
-15.8575;46;15.3732
-7.37978;46;-20.8167
21.9996;46;1.95238
-10.9304;46;19.1917
-12.9023;46;-17.9255
21.6689;46;-4.27242
-5.13255;46;21.4814
-17.3971;46;-13.6064
19.6121;46;-10.1569
1.07412;46;22.0599
-20.506;46;-8.20348
15.9929;46;-15.2322
7.19523;46;20.8812
-21.9815;46;-2.14703
11.0998;46;-19.0942
12.7432;46;18.039
-21.7059;46;4.08045
5.32249;46;-21.4352
17.276;46;13.7599
-19.7012;46;9.98288
-0.878822;46;-22.0686
20.4326;46;8.38466
-16.1271;46;15.0901
-7.01012;46;-20.944
21.9616;46;2.34151
-11.2684;46;18.9952
-12.583;46;-18.1511
21.7411;46;-3.88816
-5.51201;46;21.3872
-17.1535;46;-13.9123
19.7888;46;-9.80811
0.683452;46;22.0755
-20.3576;46;-8.56519
16.2601;46;-14.9467
6.82447;46;21.0053
-21.94;46;-2.53581
11.4361;46;-18.8947
12.4219;46;18.2618
-21.7747;46;3.69557
5.7011;46;-21.3376
17.0297;46;14.0636
-19.8748;46;9.63257
-0.488028;46;-22.0807
20.281;46;8.74505
-16.3917;46;14.8022
-6.63828;46;-21.0649
21.9167;46;2.72991
-11.6029;46;18.7928
-12.2597;46;-18.371
21.8066;46;-3.5027
-5.88974;46;21.2863
-16.9046;46;-14.2137
19.9593;46;-9.45627
0.292566;46;22.0841
-20.2028;46;-8.92422
16.5221;46;-14.6566
6.45156;46;21.1228
-21.8917;46;-2.92379
11.7688;46;-18.6893
12.0966;46;18.4788
-21.8367;46;3.30954
6.07792;46;-21.2333
16.7781;46;14.3628
-20.0422;46;9.27924
-0.0970806;46;-22.0859
20.123;46;9.10269
-16.6512;46;14.5098
-6.26435;46;-21.1791
21.865;46;3.11745
-11.9337;46;18.5844
-11.9326;46;-18.5852
21.8651;46;-3.11613
-6.26562;46;21.1787
17.3146;48;0
-7.20541;48;15.7441
-11.3176;48;-13.1037
16.625;48;-4.83796
-2.51927;48;17.1303
-14.5282;48;-9.4195
14.611;48;-9.29054
2.36755;48;17.152
-16.5815;48;-4.98493
11.4331;48;-13.003
7.06577;48;15.8073
-17.3139;48;-0.153257
7.34448;48;-15.6797
11.2011;48;13.2034
-16.6671;48;4.69062
2.6708;48;-17.1074
14.4442;48;9.54772
-14.6926;48;9.16085
-2.21564;48;-17.1722
16.5367;48;5.1315
-11.5478;48;12.9013
-6.92558;48;-15.8692
17.3119;48;0.306502
-7.48298;48;15.6141
-11.0838;48;-13.302
16.708;48;-4.54291
-2.82212;48;17.083
-14.3592;48;-9.6752
14.7732;48;-9.03044
2.06355;48;17.1912
-16.4906;48;-5.27767
11.6615;48;-12.7986
6.78485;48;15.9299
-17.3085;48;-0.459722
7.62089;48;-15.5472
10.9657;48;13.3996
-16.7475;48;4.39485
2.97321;48;-17.0574
14.273;48;9.80192
-14.8525;48;8.89932
-1.91131;48;-17.2088
16.4433;48;5.42343
-11.7743;48;12.6949
-6.64358;48;-15.9893
17.3037;48;0.612907
-7.75821;48;15.4792
-10.8466;48;-13.4961
16.7858;48;-4.24644
-3.12408;48;17.0304
-14.1856;48;-9.92787
14.9307;48;-8.76751
1.75891;48;17.225
-16.3946;48;-5.56876
11.8862;48;-12.5902
6.50179;48;16.0475
-17.2976;48;-0.766044
7.89492;48;-15.4099
10.7267;48;13.5916
-16.8227;48;4.09769
3.2747;48;-17.0021
14.0972;48;10.053
-15.0077;48;8.63501
-1.60638;48;-17.2399
16.3447;48;5.71365
-11.9972;48;12.4845
-6.3595;48;-16.1044
17.2902;48;0.91912
-8.031;48;15.3394
-10.606;48;-13.686
16.8583;48;-3.94863
-3.42506;48;16.9724
-14.0077;48;-10.1774
15.0836;48;-8.50184
1.45372;48;17.2535
-16.2935;48;-5.8581
12.1072;48;-12.3778
6.2167;48;16.1601
-17.2814;48;-1.07213
8.16646;48;-15.2677
10.4845;48;13.7794
-16.8926;48;3.79926
3.57515;48;-16.9415
13.917;48;10.301
-15.1582;48;8.36799
-1.30095;48;-17.2656
16.241;48;6.00209
-12.2163;48;12.2701
-6.07342;48;-16.2145
17.2712;48;1.22505
-8.30128;48;15.1949
-10.3621;48;-13.8716
16.9256;48;-3.64959
-3.72497;48;16.9092
-13.8253;48;-10.4238
15.2317;48;-8.2335
1.14808;48;17.2765
-16.1872;48;-6.14561
12.3245;48;-12.1615
5.92967;48;16.2676
-17.2597;48;-1.37787
8.43545;48;-15.1208
10.2389;48;13.9628
-16.9572;48;3.49963
3.87449;48;-16.8755
13.7325;48;10.5458
-15.304;48;8.09835
-0.995111;48;-17.286
16.1322;48;6.28865
-12.4316;48;12.052
-5.78544;48;-16.3194
17.2468;48;1.53059
-8.56896;48;15.0455
-10.1149;48;-14.0529
16.9875;48;-3.3494
-4.02371;48;16.8406
-13.6386;48;-10.6669
15.3751;48;-7.96258
0.842069;48;17.2941
-16.0759;48;-6.43119
12.5378;48;-11.9415
5.64077;48;16.37
-17.2326;48;-1.68318
8.7018;48;-14.9691
9.99013;48;14.1419
-17.0165;48;3.19891
4.17261;48;-16.8043
13.5437;48;10.7872
-15.4449;48;7.82617
-0.688961;48;-17.3009
16.0183;48;6.57323
-12.643;48;11.83
-5.49565;48;-16.4193
17.217;48;1.83565
-8.83395;48;14.8915
-9.86456;48;-14.2297
17.0442;48;-3.04816
-4.32119;48;16.7667
-13.4477;48;-10.9067
15.5136;48;-7.68916
0.535798;48;17.3063
-15.9595;48;-6.71476
12.7472;48;-11.7176
5.3501;48;16.4673
-17.2001;48;-1.98797
8.96542;48;-14.8127
9.73822;48;14.3165
-17.0705;48;2.89718
4.46943;48;-16.7278
13.3506;48;11.0253
-15.581;48;7.55154
-0.382594;48;-17.3104
15.8995;48;6.85576
-12.8504;48;11.6044
-5.20414;48;-16.514
17.1818;48;2.14014
-9.09618;48;14.7328
-9.61112;48;-14.4021
17.0955;48;-2.74597
-4.61732;48;16.6876
-13.2525;48;-11.143
15.6473;48;-7.41333
0.229359;48;17.3131
-15.8382;48;-6.99622
12.9527;48;-11.4902
5.05776;48;16.5594
-17.1622;48;-2.29213
9.22622;48;-14.6517
9.48327;48;14.4866
-17.1191;48;2.59455
4.76484;48;-16.6461
13.1533;48;11.2599
-15.7123;48;7.27454
-0.0761072;48;-17.3144
15.7756;48;7.13614
-13.0538;48;11.3751
-4.91099;48;-16.6035
17.1412;48;2.44395
-9.35555;48;14.5694
-9.35467;48;-14.57
17.1414;48;-2.44292
-4.91199;48;16.6032
10.188;50;0
-4.2397;50;9.2639
-6.65931;50;-7.71029
9.7822;50;-2.84668
-1.48235;50;10.0796
-8.54844;50;-5.54248
8.59717;50;-5.46659
1.39308;50;10.0923
-9.75662;50;-2.93315
6.72729;50;-7.65104
4.15753;50;9.30107
-10.1876;50;-0.090177
4.32153;50;-9.22601
6.5908;50;7.76893
-9.80701;50;2.75998
1.57151;50;-10.066
8.49905;50;5.61792
-8.64522;50;5.39028
-1.30369;50;-10.1042
9.73027;50;3.0194
-6.79475;50;7.5912
-4.07504;50;-9.3375
10.1864;50;0.180347
-4.40302;50;9.1874
-6.52178;50;-7.82696
9.83105;50;-2.67307
-1.66055;50;10.0517
-8.44899;50;-5.69293
8.69259;50;-5.31355
1.2142;50;10.1154
-9.70316;50;-3.1054
6.86168;50;-7.53076
3.99223;50;9.37321
-10.1844;50;-0.270503
4.48417;50;-9.14807
6.45224;50;7.88438
-9.85433;50;2.58595
1.74945;50;-10.0366
8.39827;50;5.76749
-8.73928;50;5.2364
-1.12462;50;-10.1257
9.6753;50;3.19117
-6.92807;50;7.46973
-3.90911;50;-9.40818
10.1816;50;0.360637
-4.56496;50;9.10802
-6.3822;50;-7.94118
9.87683;50;-2.49862
-1.83822;50;10.0208
-8.34689;50;-5.8416
8.78529;50;-5.15884
1.03495;50;10.1353
-9.64667;50;-3.27668
6.99391;50;-7.40811
3.82568;50;9.44241
-10.178;50;-0.450743
4.6454;50;-9.06726
6.31166;50;7.99736
-9.89856;50;2.4111
1.92685;50;-10.0041
8.29486;50;5.91526
-8.83061;50;5.08088
-0.945202;50;-10.144
9.61729;50;3.36194
-7.05921;50;7.34592
-3.74196;50;-9.4759
10.1736;50;0.540815
-4.72548;50;9.02578
-6.24063;50;-8.05292
9.91952;50;-2.32339
-2.01532;50;9.98666
-8.24218;50;-5.98844
8.87523;50;-5.00252
0.855377;50;10.152
-9.58716;50;-3.44693
7.12395;50;-7.28315
3.65794;50;9.50865
-10.1684;50;-0.630843
4.80518;50;-8.9836
6.16911;50;8.10784
-9.93969;50;2.2355
2.10364;50;-9.96843
8.18885;50;6.06116
-8.91916;50;4.92376
-0.765485;50;-10.1592
9.55627;50;3.53166
-7.18814;50;7.2198
-3.57363;50;-9.54066
10.1624;50;0.720822
-4.88451;50;8.94072
-6.0971;50;-8.16213
9.95909;50;-2.14743
-2.19179;50;9.94942
-8.13488;50;-6.13341
8.9624;50;-4.84463
0.675533;50;10.1656
-9.52464;50;-3.6161
7.25176;50;-7.1559
3.48904;50;9.57191
-10.1557;50;-0.810745
4.96346;50;-8.89713
6.02461;50;8.21577
-9.97771;50;2.0592
2.27977;50;-9.92963
8.08027;50;6.20517
-9.00493;50;4.76511
-0.585528;50;-10.1711
9.49226;50;3.70027
-7.31482;50;7.09143
-3.40418;50;-9.60242
10.1481;50;0.900604
-5.04202;50;8.85285
-5.95166;50;-8.26878
9.99554;50;-1.9708
-2.36757;50;9.90906
-8.02503;50;-6.27645
9.04675;50;-4.68521
0.495477;50;10.1759
-9.45913;50;-3.78414
7.3773;50;-7.02641
3.31905;50;9.63218
-10.1397;50;-0.990393
5.12018;50;-8.80788
5.87824;50;8.32113
-10.0126;50;1.88225
2.45518;50;-9.88772
7.96916;50;6.34724
-9.08787;50;4.60496
-0.405387;50;-10.1799
9.42527;50;3.86772
-7.4392;50;6.96083
-3.23367;50;-9.66118
10.1306;50;1.0801
-5.19794;50;8.76221
-5.80435;50;-8.37284
10.0289;50;-1.79355
-2.54261;50;9.8656
-7.91267;50;-6.41752
9.12827;50;-4.52434
0.315266;50;10.1831
-9.39066;50;-3.95099
7.50052;50;-6.89471
3.14803;50;9.68942
-10.1206;50;-1.16973
5.27529;50;-8.71586
5.73001;50;8.42389
-10.0443;50;1.70471
2.62983;50;-9.84271
7.85555;50;6.48731
-9.16796;50;4.44336
-0.22512;50;-10.1855
9.35532;50;4.03396
-7.56126;50;6.82805
-3.06214;50;-9.7169
10.1099;50;1.25927
-5.35223;50;8.66883
-5.65523;50;-8.47427
10.059;50;-1.61574
-2.71685;50;9.81905
-7.79783;50;-6.55659
9.20693;50;-4.36204
0.134956;50;10.1871
-9.31925;50;-4.11661
7.6214;50;-6.76086
2.97601;50;9.74363
-10.0983;50;-1.3487
5.42875;50;-8.62111
5.58;50;8.524
-10.0729;50;1.52664
2.80365;50;-9.79461
7.73949;50;6.62535
-9.24518;50;4.28037
-0.0447818;50;-10.1879
9.28245;50;4.19893
-7.68094;50;6.69313
-2.88965;50;-9.76959
10.086;50;1.43803
-5.50485;50;8.57272
-5.50433;50;-8.57306
10.0861;50;-1.43742
-2.89024;50;9.76941
-nan(ind);52;-nan(ind)
-nan(ind);52;-nan(ind)
-nan(ind);52;-nan(ind)
-nan(ind);52;-nan(ind)
-nan(ind);52;-nan(ind)
-nan(ind);52;-nan(ind)
-nan(ind);52;-nan(ind)
-nan(ind);52;-nan(ind)
-nan(ind);52;-nan(ind)
-nan(ind);52;-nan(ind)
-nan(ind);52;-nan(ind)
-nan(ind);52;-nan(ind)
-nan(ind);52;-nan(ind)
-nan(ind);52;-nan(ind)
-nan(ind);52;-nan(ind)
-nan(ind);52;-nan(ind)
-nan(ind);52;-nan(ind)
-nan(ind);52;-nan(ind)
-nan(ind);52;-nan(ind)
-nan(ind);52;-nan(ind)
-nan(ind);52;-nan(ind)
-nan(ind);52;-nan(ind)
-nan(ind);52;-nan(ind)
-nan(ind);52;-nan(ind)
-nan(ind);52;-nan(ind)
-nan(ind);52;-nan(ind)
-nan(ind);52;-nan(ind)
-nan(ind);52;-nan(ind)
-nan(ind);52;-nan(ind)
-nan(ind);52;-nan(ind)
-nan(ind);52;-nan(ind)
-nan(ind);52;-nan(ind)
-nan(ind);52;-nan(ind)
-nan(ind);52;-nan(ind)
-nan(ind);52;-nan(ind)
-nan(ind);52;-nan(ind)
-nan(ind);52;-nan(ind)
-nan(ind);52;-nan(ind)
-nan(ind);52;-nan(ind)
-nan(ind);52;-nan(ind)
-nan(ind);52;-nan(ind)
-nan(ind);52;-nan(ind)
-nan(ind);52;-nan(ind)
-nan(ind);52;-nan(ind)
-nan(ind);52;-nan(ind)
-nan(ind);52;-nan(ind)
-nan(ind);52;-nan(ind)
-nan(ind);52;-nan(ind)
-nan(ind);52;-nan(ind)
-nan(ind);52;-nan(ind)
-nan(ind);52;-nan(ind)
-nan(ind);52;-nan(ind)
-nan(ind);52;-nan(ind)
-nan(ind);52;-nan(ind)
-nan(ind);52;-nan(ind)
-nan(ind);52;-nan(ind)
-nan(ind);52;-nan(ind)
-nan(ind);52;-nan(ind)
-nan(ind);52;-nan(ind)
-nan(ind);52;-nan(ind)
-nan(ind);52;-nan(ind)
-nan(ind);52;-nan(ind)
-nan(ind);52;-nan(ind)
-nan(ind);52;-nan(ind)
-nan(ind);52;-nan(ind)
-nan(ind);52;-nan(ind)
-nan(ind);52;-nan(ind)
-nan(ind);52;-nan(ind)
-nan(ind);52;-nan(ind)
-nan(ind);52;-nan(ind)
-nan(ind);52;-nan(ind)
-nan(ind);52;-nan(ind)
-nan(ind);52;-nan(ind)
-nan(ind);52;-nan(ind)
-nan(ind);52;-nan(ind)
-nan(ind);52;-nan(ind)
-nan(ind);52;-nan(ind)
-nan(ind);52;-nan(ind)
-nan(ind);52;-nan(ind)
-nan(ind);52;-nan(ind)
-nan(ind);52;-nan(ind)
-nan(ind);52;-nan(ind)
-nan(ind);52;-nan(ind)
-nan(ind);52;-nan(ind)
-nan(ind);52;-nan(ind)
-nan(ind);52;-nan(ind)
-nan(ind);52;-nan(ind)
-nan(ind);52;-nan(ind)
-nan(ind);52;-nan(ind)
-nan(ind);52;-nan(ind)
-nan(ind);52;-nan(ind)
-nan(ind);52;-nan(ind)
-nan(ind);52;-nan(ind)
-nan(ind);52;-nan(ind)
-nan(ind);52;-nan(ind)
-nan(ind);52;-nan(ind)
-nan(ind);52;-nan(ind)
-nan(ind);52;-nan(ind)
-nan(ind);52;-nan(ind)
-nan(ind);52;-nan(ind)
-nan(ind);52;-nan(ind)
-nan(ind);52;-nan(ind)
-nan(ind);52;-nan(ind)
-nan(ind);52;-nan(ind)
-nan(ind);52;-nan(ind)
-nan(ind);52;-nan(ind)
-nan(ind);52;-nan(ind)
-nan(ind);52;-nan(ind)
-nan(ind);52;-nan(ind)
-nan(ind);52;-nan(ind)
-nan(ind);52;-nan(ind)
-nan(ind);52;-nan(ind)
-nan(ind);52;-nan(ind)
-nan(ind);52;-nan(ind)
-nan(ind);52;-nan(ind)
-nan(ind);52;-nan(ind)
-nan(ind);52;-nan(ind)
-nan(ind);52;-nan(ind)
-nan(ind);52;-nan(ind)
-nan(ind);52;-nan(ind)
-nan(ind);52;-nan(ind)
-nan(ind);52;-nan(ind)
-nan(ind);52;-nan(ind)
-nan(ind);52;-nan(ind)
-nan(ind);52;-nan(ind)
-nan(ind);52;-nan(ind)
-nan(ind);52;-nan(ind)
-nan(ind);52;-nan(ind)
-nan(ind);52;-nan(ind)
-nan(ind);52;-nan(ind)
-nan(ind);52;-nan(ind)
-nan(ind);52;-nan(ind)
-nan(ind);52;-nan(ind)
-nan(ind);52;-nan(ind)
-nan(ind);52;-nan(ind)
-nan(ind);52;-nan(ind)
-nan(ind);52;-nan(ind)
-nan(ind);52;-nan(ind)
-nan(ind);52;-nan(ind)
-nan(ind);52;-nan(ind)
-nan(ind);52;-nan(ind)
-nan(ind);52;-nan(ind)
-nan(ind);52;-nan(ind)
-nan(ind);52;-nan(ind)
-nan(ind);52;-nan(ind)
-nan(ind);52;-nan(ind)
-nan(ind);52;-nan(ind)
-nan(ind);52;-nan(ind)
-nan(ind);52;-nan(ind)
-nan(ind);52;-nan(ind)
-nan(ind);52;-nan(ind)
-nan(ind);52;-nan(ind)
-nan(ind);52;-nan(ind)
-nan(ind);52;-nan(ind)
-nan(ind);52;-nan(ind)
-nan(ind);52;-nan(ind)
-nan(ind);52;-nan(ind)
-nan(ind);52;-nan(ind)
-nan(ind);52;-nan(ind)
-nan(ind);52;-nan(ind)
-nan(ind);52;-nan(ind)
-nan(ind);52;-nan(ind)
-nan(ind);52;-nan(ind)
-nan(ind);52;-nan(ind)
-nan(ind);52;-nan(ind)
-nan(ind);52;-nan(ind)
-nan(ind);52;-nan(ind)
-nan(ind);52;-nan(ind)
-nan(ind);52;-nan(ind)
-nan(ind);52;-nan(ind)
-nan(ind);52;-nan(ind)
-nan(ind);52;-nan(ind)
-nan(ind);52;-nan(ind)
-nan(ind);52;-nan(ind)
-nan(ind);52;-nan(ind)
-nan(ind);52;-nan(ind)
-nan(ind);52;-nan(ind)
-nan(ind);52;-nan(ind)
-nan(ind);52;-nan(ind)
-nan(ind);52;-nan(ind)
-nan(ind);52;-nan(ind)
50.5622;-6.8748;0
20.6335;-6.8748;46.1605
-33.7218;-6.8748;37.6745
-48.1561;-6.8748;-15.4119
-5.58142;-6.8748;-50.2532
43.6007;-6.8748;-25.6029
41.1667;-6.8748;29.357
-10.0019;-6.8748;49.563
-49.3299;-6.8748;11.0946
-30.2594;-6.8748;-40.508
24.6333;-6.8748;-44.1558
50.3642;-6.8748;4.46963
16.4722;-6.8748;47.8037
-36.9202;-6.8748;34.5461
-46.6051;-6.8748;-19.6085
-1.11725;-6.8748;-50.5498
45.6933;-6.8748;-21.6485
38.4105;-6.8748;32.8811
-14.344;-6.8748;48.4849
48.4948;-15.876;0
19.7899;-15.876;44.2731
-32.343;-15.876;36.1341
-46.1871;-15.876;-14.7817
-5.35321;-15.876;-48.1984
41.818;-15.876;-24.5561
39.4836;-15.876;28.1566
-9.59293;-15.876;47.5365
-47.313;-15.876;10.641
-29.0222;-15.876;-38.8517
23.6261;-15.876;-42.3504
48.305;-15.876;4.28688
15.7987;-15.876;45.8492
-35.4106;-15.876;33.1336
-44.6996;-15.876;-18.8067
-1.07157;-15.876;-48.483
43.825;-15.876;-20.7633
36.84;-15.876;31.5367
-13.7575;-15.876;46.5024
46.0567;-21.9675;0
18.7949;-21.9675;42.0473
-30.717;-21.9675;34.3175
-43.865;-21.9675;-14.0386
-5.08408;-21.9675;-45.7753
39.7156;-21.9675;-23.3216
37.4985;-21.9675;26.7411
-9.11065;-21.9675;45.1466
-44.9343;-21.9675;10.106
-27.5631;-21.9675;-36.8985
22.4383;-21.9675;-40.2212
45.8764;-21.9675;4.07136
15.0044;-21.9675;43.5441
-33.6304;-21.9675;31.4678
-42.4523;-21.9675;-17.8612
-1.0177;-21.9675;-46.0455
41.6217;-21.9675;-19.7194
34.9878;-21.9675;29.9512
-13.0659;-21.9675;44.1645
41.7613;-29.3221;0
17.0421;-29.3221;38.1258
-27.8522;-29.3221;31.1169
-39.774;-29.3221;-12.7293
-4.60992;-29.3221;-41.5061
36.0116;-29.3221;-21.1465
34.0013;-29.3221;24.2471
-8.26096;-29.3221;40.9361
-40.7436;-29.3221;9.16349
-24.9925;-29.3221;-33.4572
20.3456;-29.3221;-36.4701
41.5978;-29.3221;3.69165
13.6051;-29.3221;39.4831
-30.4939;-29.3221;28.533
-38.4931;-29.3221;-16.1954
-0.922784;-29.3221;-41.7511
37.7399;-29.3221;-17.8803
31.7248;-29.3221;27.1578
-11.8473;-29.3221;40.0456
33.8217;-38.2084;0
13.802;-38.2084;30.8774
-22.557;-38.2084;25.201
-32.2123;-38.2084;-10.3092
-3.73349;-38.2084;-33.615
29.1651;-38.2084;-17.1262
27.537;-38.2084;19.6373
-6.6904;-38.2084;33.1534
-32.9975;-38.2084;7.42134
-20.241;-38.2084;-27.0964
16.4775;-38.2084;-29.5364
33.6893;-38.2084;2.9898
11.0185;-38.2084;31.9766
-24.6964;-38.2084;23.1084
-31.1748;-38.2084;-13.1164
-0.747346;-38.2084;-33.8135
30.5649;-38.2084;-14.481
25.6933;-38.2084;21.9946
-9.59493;-38.2084;32.4322
22.666;-45.717;0
9.24958;-45.717;20.6928
-15.1168;-45.717;16.8887
-21.5874;-45.717;-6.90883
-2.50203;-45.717;-22.5275
19.5453;-45.717;-11.4773
18.4542;-45.717;13.1601
-4.48364;-45.717;22.2181
-22.1136;-45.717;4.97349
-13.5647;-45.717;-18.1589
11.0426;-45.717;-19.7941
22.5772;-45.717;2.00364
7.38415;-45.717;21.4294
-16.5506;-45.717;15.4863
-20.8921;-45.717;-8.79008
-0.500841;-45.717;-22.6604
20.4834;-45.717;-9.70456
17.2186;-45.717;14.7399
-6.43013;-45.717;21.7348
-nan(ind);-55.3806;-nan(ind)
-nan(ind);-55.3806;-nan(ind)
-nan(ind);-55.3806;-nan(ind)
-nan(ind);-55.3806;-nan(ind)
-nan(ind);-55.3806;-nan(ind)
-nan(ind);-55.3806;-nan(ind)
-nan(ind);-55.3806;-nan(ind)
-nan(ind);-55.3806;-nan(ind)
-nan(ind);-55.3806;-nan(ind)
-nan(ind);-55.3806;-nan(ind)
-nan(ind);-55.3806;-nan(ind)
-nan(ind);-55.3806;-nan(ind)
-nan(ind);-55.3806;-nan(ind)
-nan(ind);-55.3806;-nan(ind)
-nan(ind);-55.3806;-nan(ind)
-nan(ind);-55.3806;-nan(ind)
-nan(ind);-55.3806;-nan(ind)
-nan(ind);-55.3806;-nan(ind)
-nan(ind);-55.3806;-nan(ind)
